date;ts;serveur;ip;user
Feb  6 08:35:00 ;1675668900;4063364;sacha;193.49.172.174;
Feb  6 09:05:00 ;1675670700;4064784;sacha;193.49.172.174;
Feb  6 09:35:03 ;1675672503;4066152;sacha;193.49.172.174;
Feb  6 10:05:02 ;1675674302;4067465;sacha;193.49.172.174;
Feb  6 10:35:01 ;1675676101;4068812;sacha;193.49.172.174;
Feb  6 11:05:01 ;1675677901;4070086;sacha;193.49.172.174;
Feb  6 11:35:02 ;1675679702;4071465;sacha;193.49.172.174;
Feb  6 12:05:01 ;1675681501;4072770;sacha;193.49.172.174;
Feb  6 12:35:01 ;1675683301;4074483;sacha;193.49.172.174;
Feb  6 13:05:02 ;1675685102;4075894;sacha;193.49.172.174;
Feb  6 13:35:02 ;1675686902;4077214;sacha;193.49.172.174;
Feb  6 14:05:02 ;1675688702;4078511;sacha;193.49.172.174;
Feb  6 14:35:01 ;1675690501;4079774;sacha;193.49.172.174;
Feb  6 15:05:01 ;1675692301;4081125;sacha;193.49.172.174;
Feb  6 15:35:02 ;1675694102;4082506;sacha;193.49.172.174;
Feb  6 16:05:02 ;1675695902;4083790;sacha;193.49.172.174;
Feb  6 16:35:02 ;1675697702;4085592;sacha;193.49.172.174;
Feb  6 17:05:02 ;1675699502;4086958;sacha;193.49.172.174;
Feb  7 09:05:02 ;1675757102;4130711;sacha;193.49.172.174;
Feb  7 09:34:25 ;1675758865;4132258;sacha;193.49.172.183;
Feb  7 10:05:02 ;1675760702;1876;sacha;193.49.172.183;
Feb  7 10:35:02 ;1675762502;2255;sacha;193.49.172.174;
Feb  7 11:05:02 ;1675764302;2594;sacha;193.49.172.174;
Feb  7 11:35:02 ;1675766102;2907;sacha;193.49.172.174;
Feb  7 12:05:02 ;1675767902;3399;sacha;193.49.172.174;
Feb  7 12:35:02 ;1675769702;3838;sacha;193.49.172.174;
Feb  7 13:05:01 ;1675771501;4200;sacha;193.49.172.174;
Feb  7 13:35:01 ;1675773301;4623;sacha;193.49.172.174;
Feb  7 14:05:02 ;1675775102;4964;sacha;193.49.172.174;
Feb  7 14:35:02 ;1675776902;5282;sacha;193.49.172.174;
Feb  7 15:35:01 ;1675780501;6393;sacha;193.49.172.174;
Feb  7 16:05:02 ;1675782302;6752;sacha;193.49.172.174;
Feb  7 16:35:02 ;1675784102;7097;sacha;193.49.172.174;
Feb  7 17:05:02 ;1675785902;7523;sacha;193.49.172.174;
Feb  8 08:35:01 ;1675841701;29300;sacha;193.49.172.174;
Feb  8 09:05:01 ;1675843501;29698;sacha;193.49.172.174;
Feb  8 09:35:02 ;1675845302;30178;sacha;193.49.172.174;
Feb  8 10:05:02 ;1675847102;30655;sacha;193.49.172.174;
Feb  8 10:35:02 ;1675848902;31032;sacha;193.49.172.174;
Feb  8 11:05:02 ;1675850702;31503;sacha;193.49.172.174;
Feb  8 11:35:02 ;1675852502;32078;sacha;193.49.172.174;
Feb  8 12:05:01 ;1675854301;32553;sacha;193.49.172.174;
Feb  8 12:35:02 ;1675856102;32950;sacha;193.49.172.174;
Feb  8 13:05:01 ;1675857901;33369;sacha;193.49.172.174;
Feb  8 13:35:02 ;1675859702;34108;sacha;193.49.172.174;
Feb  8 14:05:02 ;1675861502;34539;sacha;193.49.172.174;
Feb  8 14:35:02 ;1675863302;35064;sacha;193.49.172.174;
Feb  8 15:05:01 ;1675865101;35586;sacha;193.49.172.174;
Feb  8 15:35:02 ;1675866902;36168;sacha;193.49.172.174;
Feb  8 16:05:02 ;1675868702;36851;sacha;193.49.172.174;
Feb  8 16:35:02 ;1675870502;37348;sacha;193.49.172.174;
Feb  8 17:28:45 ;1675873725;38121;sacha;192.168.0.7;
Feb  9 14:05:01 ;1675947901;100577;sacha;193.49.172.174;
Feb  9 14:35:01 ;1675949701;102000;sacha;193.49.172.183;
Feb  9 15:05:02 ;1675951502;103624;sacha;193.49.172.183;
Feb  9 15:35:01 ;1675953301;105082;sacha;193.49.172.183;
Feb  9 15:41:08 ;1675953668;105409;sacha;193.49.172.183;
Feb  9 16:05:02 ;1675955102;106429;sacha;193.49.172.183;
Feb  9 16:35:01 ;1675956901;107857;sacha;193.49.172.183;
Feb 10 09:05:01 ;1676016301;154065;sacha;192.168.0.62;
Feb 10 09:35:02 ;1676018102;155606;sacha;192.168.0.62;
Feb 10 10:05:01 ;1676019901;157268;sacha;192.168.0.62;
Feb 10 10:35:02 ;1676021702;158742;sacha;192.168.0.62;
Feb 10 10:44:36 ;1676022276;159189;sacha;192.168.0.1;
Feb  6 08:35:00 ;1675668900;4063364;sacha;193.49.172.174;
Feb  6 09:05:00 ;1675670700;4064784;sacha;193.49.172.174;
Feb  6 09:35:03 ;1675672503;4066152;sacha;193.49.172.174;
Feb  6 10:05:02 ;1675674302;4067465;sacha;193.49.172.174;
Feb  6 10:35:01 ;1675676101;4068812;sacha;193.49.172.174;
Feb  6 11:05:01 ;1675677901;4070086;sacha;193.49.172.174;
Feb  6 11:35:02 ;1675679702;4071465;sacha;193.49.172.174;
Feb  6 12:05:01 ;1675681501;4072770;sacha;193.49.172.174;
Feb  6 12:35:01 ;1675683301;4074483;sacha;193.49.172.174;
Feb  6 13:05:02 ;1675685102;4075894;sacha;193.49.172.174;
Feb  6 13:35:02 ;1675686902;4077214;sacha;193.49.172.174;
Feb  6 14:05:02 ;1675688702;4078511;sacha;193.49.172.174;
Feb  6 14:35:01 ;1675690501;4079774;sacha;193.49.172.174;
Feb  6 15:05:01 ;1675692301;4081125;sacha;193.49.172.174;
Feb  6 15:35:02 ;1675694102;4082506;sacha;193.49.172.174;
Feb  6 16:05:02 ;1675695902;4083790;sacha;193.49.172.174;
Feb  6 16:35:02 ;1675697702;4085592;sacha;193.49.172.174;
Feb  6 17:05:02 ;1675699502;4086958;sacha;193.49.172.174;
Feb  7 09:05:02 ;1675757102;4130711;sacha;193.49.172.174;
Feb  7 09:34:25 ;1675758865;4132258;sacha;193.49.172.183;
Feb  7 10:05:02 ;1675760702;1876;sacha;193.49.172.183;
Feb  7 10:35:02 ;1675762502;2255;sacha;193.49.172.174;
Feb  7 11:05:02 ;1675764302;2594;sacha;193.49.172.174;
Feb  7 11:35:02 ;1675766102;2907;sacha;193.49.172.174;
Feb  7 12:05:02 ;1675767902;3399;sacha;193.49.172.174;
Feb  7 12:35:02 ;1675769702;3838;sacha;193.49.172.174;
Feb  7 13:05:01 ;1675771501;4200;sacha;193.49.172.174;
Feb  7 13:35:01 ;1675773301;4623;sacha;193.49.172.174;
Feb  7 14:05:02 ;1675775102;4964;sacha;193.49.172.174;
Feb  7 14:35:02 ;1675776902;5282;sacha;193.49.172.174;
Feb  7 15:35:01 ;1675780501;6393;sacha;193.49.172.174;
Feb  7 16:05:02 ;1675782302;6752;sacha;193.49.172.174;
Feb  7 16:35:02 ;1675784102;7097;sacha;193.49.172.174;
Feb  7 17:05:02 ;1675785902;7523;sacha;193.49.172.174;
Feb  8 08:35:01 ;1675841701;29300;sacha;193.49.172.174;
Feb  8 09:05:01 ;1675843501;29698;sacha;193.49.172.174;
Feb  8 09:35:02 ;1675845302;30178;sacha;193.49.172.174;
Feb  8 10:05:02 ;1675847102;30655;sacha;193.49.172.174;
Feb  8 10:35:02 ;1675848902;31032;sacha;193.49.172.174;
Feb  8 11:05:02 ;1675850702;31503;sacha;193.49.172.174;
Feb  8 11:35:02 ;1675852502;32078;sacha;193.49.172.174;
Feb  8 12:05:01 ;1675854301;32553;sacha;193.49.172.174;
Feb  8 12:35:02 ;1675856102;32950;sacha;193.49.172.174;
Feb  8 13:05:01 ;1675857901;33369;sacha;193.49.172.174;
Feb  8 13:35:02 ;1675859702;34108;sacha;193.49.172.174;
Feb  8 14:05:02 ;1675861502;34539;sacha;193.49.172.174;
Feb  8 14:35:02 ;1675863302;35064;sacha;193.49.172.174;
Feb  8 15:05:01 ;1675865101;35586;sacha;193.49.172.174;
Feb  8 15:35:02 ;1675866902;36168;sacha;193.49.172.174;
Feb  8 16:05:02 ;1675868702;36851;sacha;193.49.172.174;
Feb  8 16:35:02 ;1675870502;37348;sacha;193.49.172.174;
Feb  8 17:28:45 ;1675873725;38121;sacha;192.168.0.7;
Feb  9 14:05:01 ;1675947901;100577;sacha;193.49.172.174;
Feb  9 14:35:01 ;1675949701;102000;sacha;193.49.172.183;
Feb  9 15:05:02 ;1675951502;103624;sacha;193.49.172.183;
Feb  9 15:35:01 ;1675953301;105082;sacha;193.49.172.183;
Feb  9 15:41:08 ;1675953668;105409;sacha;193.49.172.183;
Feb  9 16:05:02 ;1675955102;106429;sacha;193.49.172.183;
Feb  9 16:35:01 ;1675956901;107857;sacha;193.49.172.183;
Feb 10 09:05:01 ;1676016301;154065;sacha;192.168.0.62;
Feb 10 09:35:02 ;1676018102;155606;sacha;192.168.0.62;
Feb 10 10:05:01 ;1676019901;157268;sacha;192.168.0.62;
Feb 10 10:35:02 ;1676021702;158742;sacha;192.168.0.62;
Feb 10 10:44:36 ;1676022276;159189;sacha;192.168.0.1;
Feb 10 10:54:33 ;1676022873;159700;sacha;192.168.0.1;
Feb 10 11:05:01 ;1676023501;160156;sacha;192.168.0.62;
Feb 10 11:34:11 ;1676025251;161442;sacha;192.168.0.1;
Feb 10 11:35:01 ;1676025301;161537;sacha;192.168.0.62;
Feb 10 12:05:01 ;1676027101;163037;sacha;192.168.0.62;
Feb 10 12:35:01 ;1676028901;164462;sacha;192.168.0.62;
Feb 10 13:05:01 ;1676030701;165914;sacha;192.168.0.62;
Feb 10 13:35:02 ;1676032502;167240;sacha;192.168.0.62;
Feb 10 14:05:01 ;1676034301;168495;sacha;192.168.0.62;
Feb 10 14:35:02 ;1676036102;169776;sacha;192.168.0.62;
Mar  6 09:04:58 ;1678089898;334520;sacha;193.49.172.174;
Mar  6 09:04:58 ;1678089898;334525;sacha;193.49.172.174;
Mar  6 09:05:00 ;1678089900;334529;sacha;193.49.172.174;
Mar  6 09:05:19 ;1678089919;334565;sacha;193.49.172.174;
Mar  6 09:05:21 ;1678089921;334573;sacha;193.49.172.174;
Mar  6 09:34:57 ;1678091697;335896;sacha;193.49.172.174;
Mar  6 09:34:58 ;1678091698;335901;sacha;193.49.172.174;
Mar  6 09:35:00 ;1678091700;335906;sacha;193.49.172.174;
Mar  6 09:35:18 ;1678091718;335938;sacha;193.49.172.174;
Mar  6 09:35:21 ;1678091721;335945;sacha;193.49.172.174;
Mar  6 10:04:58 ;1678093498;337316;sacha;193.49.172.174;
Mar  6 10:04:59 ;1678093499;337321;sacha;193.49.172.174;
Mar  6 10:05:00 ;1678093500;337328;sacha;193.49.172.174;
Mar  6 10:05:19 ;1678093519;337366;sacha;193.49.172.174;
Mar  6 10:05:21 ;1678093521;337375;sacha;193.49.172.174;
Mar  6 10:14:43 ;1678094083;337882;sacha;193.49.172.174;
Mar  6 10:34:58 ;1678095298;338746;sacha;193.49.172.174;
Mar  6 10:34:58 ;1678095298;338751;sacha;193.49.172.174;
Mar  6 10:35:00 ;1678095300;338755;sacha;193.49.172.174;
Mar  6 10:35:19 ;1678095319;338789;sacha;193.49.172.174;
Mar  6 10:35:21 ;1678095321;338795;sacha;193.49.172.174;
Mar  6 11:04:57 ;1678097097;340029;sacha;193.49.172.174;
Mar  6 11:04:58 ;1678097098;340033;sacha;193.49.172.174;
Mar  6 11:05:00 ;1678097100;340038;sacha;193.49.172.174;
Mar  6 11:05:18 ;1678097118;340072;sacha;193.49.172.174;
Mar  6 11:05:21 ;1678097121;340079;sacha;193.49.172.174;
Mar  6 11:34:58 ;1678098898;341470;sacha;193.49.172.174;
Mar  6 11:34:58 ;1678098898;341475;sacha;193.49.172.174;
Mar  6 11:35:00 ;1678098900;341480;sacha;193.49.172.174;
Mar  6 11:35:19 ;1678098919;341511;sacha;193.49.172.174;
Mar  6 11:35:22 ;1678098922;341519;sacha;193.49.172.174;
Mar  6 12:04:57 ;1678100697;342846;sacha;193.49.172.174;
Mar  6 12:04:58 ;1678100698;342850;sacha;193.49.172.174;
Mar  6 12:04:59 ;1678100699;342855;sacha;193.49.172.174;
Mar  6 12:05:18 ;1678100718;342887;sacha;193.49.172.174;
Mar  6 12:05:20 ;1678100720;342894;sacha;193.49.172.174;
Mar  6 12:34:57 ;1678102497;344140;sacha;193.49.172.174;
Mar  6 12:34:58 ;1678102498;344145;sacha;193.49.172.174;
Mar  6 12:35:00 ;1678102500;344149;sacha;193.49.172.174;
Mar  6 12:35:18 ;1678102518;344182;sacha;193.49.172.174;
Mar  6 12:35:21 ;1678102521;344188;sacha;193.49.172.174;
Mar  6 13:04:58 ;1678104298;345419;sacha;193.49.172.174;
Mar  6 13:04:58 ;1678104298;345424;sacha;193.49.172.174;
Mar  6 13:05:00 ;1678104300;345429;sacha;193.49.172.174;
Mar  6 13:05:20 ;1678104320;345462;sacha;193.49.172.174;
Mar  6 13:05:22 ;1678104322;345468;sacha;193.49.172.174;
Mar  6 13:34:58 ;1678106098;346948;sacha;193.49.172.174;
Mar  6 13:34:59 ;1678106099;346952;sacha;193.49.172.174;
Mar  6 13:35:00 ;1678106100;346957;sacha;193.49.172.174;
Mar  6 13:35:19 ;1678106119;346997;sacha;193.49.172.174;
Mar  6 13:35:21 ;1678106121;347003;sacha;193.49.172.174;
Mar  6 14:04:58 ;1678107898;348492;sacha;193.49.172.174;
Mar  6 14:04:58 ;1678107898;348497;sacha;193.49.172.174;
Mar  6 14:05:00 ;1678107900;348502;sacha;193.49.172.174;
Mar  6 14:05:20 ;1678107920;348535;sacha;193.49.172.174;
Mar  6 14:05:22 ;1678107922;348541;sacha;193.49.172.174;
Mar  6 14:34:58 ;1678109698;349859;sacha;193.49.172.174;
Mar  6 14:34:59 ;1678109699;349863;sacha;193.49.172.174;
Mar  6 14:35:00 ;1678109700;349868;sacha;193.49.172.174;
Mar  6 14:35:21 ;1678109721;349900;sacha;193.49.172.174;
Mar  6 14:35:24 ;1678109724;349906;sacha;193.49.172.174;
Mar  6 15:04:58 ;1678111498;351162;sacha;193.49.172.174;
Mar  6 15:04:59 ;1678111499;351167;sacha;193.49.172.174;
Mar  6 15:05:00 ;1678111500;351172;sacha;193.49.172.174;
Mar  6 15:05:19 ;1678111519;351203;sacha;193.49.172.174;
Mar  6 15:05:22 ;1678111522;351209;sacha;193.49.172.174;
Mar  6 15:34:58 ;1678113298;352481;sacha;193.49.172.174;
Mar  6 15:34:59 ;1678113299;352486;sacha;193.49.172.174;
Mar  6 15:35:00 ;1678113300;352491;sacha;193.49.172.174;
Mar  6 15:35:21 ;1678113321;352525;sacha;193.49.172.174;
Mar  6 15:35:23 ;1678113323;352531;sacha;193.49.172.174;
Mar  6 16:04:57 ;1678115097;353797;sacha;193.49.172.174;
Mar  6 16:04:58 ;1678115098;353801;sacha;193.49.172.174;
Mar  6 16:05:00 ;1678115100;353806;sacha;193.49.172.174;
Mar  6 16:05:20 ;1678115120;353838;sacha;193.49.172.174;
Mar  6 16:05:22 ;1678115122;353845;sacha;193.49.172.174;
Mar  6 16:34:58 ;1678116898;355083;sacha;193.49.172.174;
Mar  6 16:34:59 ;1678116899;355088;sacha;193.49.172.174;
Mar  6 16:35:00 ;1678116900;355093;sacha;193.49.172.174;
Mar  6 16:35:20 ;1678116920;355126;sacha;193.49.172.174;
Mar  6 16:35:22 ;1678116922;355133;sacha;193.49.172.174;
Mar  7 08:04:57 ;1678172697;397824;sacha;193.49.172.174;
Mar  7 08:04:57 ;1678172697;397828;sacha;193.49.172.174;
Mar  7 08:05:00 ;1678172700;397833;sacha;193.49.172.174;
Mar  7 08:05:20 ;1678172720;397866;sacha;193.49.172.174;
Mar  7 08:05:22 ;1678172722;397873;sacha;193.49.172.174;
Mar  7 08:34:57 ;1678174497;399130;sacha;193.49.172.174;
Mar  7 08:34:58 ;1678174498;399134;sacha;193.49.172.174;
Mar  7 08:34:59 ;1678174499;399139;sacha;193.49.172.174;
Mar  7 08:35:20 ;1678174520;399172;sacha;193.49.172.174;
Mar  7 08:35:22 ;1678174522;399178;sacha;193.49.172.174;
Mar  7 09:04:58 ;1678176298;400473;sacha;193.49.172.174;
Mar  7 09:04:58 ;1678176298;400478;sacha;193.49.172.174;
Mar  7 09:05:00 ;1678176300;400482;sacha;193.49.172.174;
Mar  7 09:05:21 ;1678176321;400515;sacha;193.49.172.174;
Mar  7 09:05:23 ;1678176323;400521;sacha;193.49.172.174;
Mar  7 09:34:57 ;1678178097;401790;sacha;193.49.172.183;
Mar  7 09:34:58 ;1678178098;401794;sacha;193.49.172.183;
Mar  7 09:35:04 ;1678178104;401817;sacha;193.49.172.183;
Mar  7 09:35:24 ;1678178124;401835;sacha;193.49.172.183;
Mar  7 09:35:26 ;1678178126;401841;sacha;193.49.172.183;
Mar  7 10:04:57 ;1678179897;403251;sacha;193.49.172.174;
Mar  7 10:04:58 ;1678179898;403255;sacha;193.49.172.174;
Mar  7 10:04:59 ;1678179899;403260;sacha;193.49.172.174;
Mar  7 10:05:20 ;1678179920;403293;sacha;193.49.172.174;
Mar  7 10:05:23 ;1678179923;403300;sacha;193.49.172.174;
Mar  7 10:56:49 ;1678183009;405784;sacha;193.49.172.174;
Mar  7 11:00:37 ;1678183237;405979;sacha;193.49.172.174;
Mar  7 11:04:58 ;1678183498;406151;sacha;80.214.211.14;
Mar  7 11:05:00 ;1678183500;406156;sacha;80.214.211.14;
Mar  7 11:05:01 ;1678183501;406161;sacha;80.214.211.14;
Mar  7 11:05:27 ;1678183527;406203;sacha;80.214.211.14;
Mar  7 11:05:29 ;1678183529;406209;sacha;80.214.211.14;
Mar  7 11:34:57 ;1678185297;407466;sacha;80.214.211.14;
Mar  7 11:34:59 ;1678185299;407471;sacha;80.214.211.14;
Mar  7 11:35:01 ;1678185301;407476;sacha;80.214.211.14;
Mar  7 11:35:31 ;1678185331;407516;sacha;80.214.211.14;
Mar  7 11:35:33 ;1678185333;407522;sacha;80.214.211.14;
Mar  7 13:04:57 ;1678190697;411507;sacha;193.49.172.174;
Mar  7 13:04:58 ;1678190698;411512;sacha;193.49.172.174;
Mar  7 13:04:59 ;1678190699;411519;sacha;193.49.172.174;
Mar  7 13:05:27 ;1678190727;411556;sacha;193.49.172.174;
Mar  7 13:05:29 ;1678190729;411562;sacha;193.49.172.174;
Mar  7 13:34:56 ;1678192496;412900;sacha;193.49.172.174;
Mar  7 13:34:57 ;1678192497;412904;sacha;193.49.172.174;
Mar  7 13:34:59 ;1678192499;412910;sacha;193.49.172.174;
Mar  7 13:35:20 ;1678192520;412944;sacha;193.49.172.174;
Mar  7 13:35:22 ;1678192522;412950;sacha;193.49.172.174;
Mar  7 14:04:58 ;1678194298;414229;sacha;193.49.172.183;
Mar  7 14:04:59 ;1678194299;414234;sacha;193.49.172.183;
Mar  7 14:05:00 ;1678194300;414238;sacha;193.49.172.183;
Mar  7 14:05:23 ;1678194323;414275;sacha;193.49.172.183;
Mar  7 14:05:25 ;1678194325;414281;sacha;193.49.172.183;
Mar  7 14:35:38 ;1678196138;415706;sacha;193.49.172.174;
Mar  7 14:35:39 ;1678196139;415713;sacha;193.49.172.174;
Mar  7 14:35:40 ;1678196140;415717;sacha;193.49.172.174;
Mar  7 14:36:01 ;1678196161;415742;sacha;193.49.172.174;
Mar  7 14:36:03 ;1678196163;415748;sacha;193.49.172.174;
Mar  7 15:04:57 ;1678197897;417184;sacha;193.49.172.174;
Mar  7 15:04:58 ;1678197898;417188;sacha;193.49.172.174;
Mar  7 15:04:59 ;1678197899;417193;sacha;193.49.172.174;
Mar  7 15:05:23 ;1678197923;417229;sacha;193.49.172.174;
Mar  7 15:05:25 ;1678197925;417236;sacha;193.49.172.174;
Mar  7 15:34:57 ;1678199697;418624;sacha;193.49.172.174;
Mar  7 15:34:58 ;1678199698;418629;sacha;193.49.172.174;
Mar  7 15:35:00 ;1678199700;418633;sacha;193.49.172.174;
Mar  7 15:35:21 ;1678199721;418668;sacha;193.49.172.174;
Mar  7 15:35:24 ;1678199724;418674;sacha;193.49.172.174;
Mar  8 08:05:21 ;1678259121;463047;sacha;193.49.172.183;
Mar  8 08:05:21 ;1678259121;463051;sacha;193.49.172.183;
Mar  8 08:05:22 ;1678259122;463056;sacha;193.49.172.183;
Mar  8 08:05:43 ;1678259143;463074;sacha;193.49.172.183;
Mar  8 08:05:45 ;1678259145;463080;sacha;193.49.172.183;
Mar  8 12:05:02 ;1678273502;473950;sacha;193.49.172.174;
Mar  8 12:05:03 ;1678273503;473955;sacha;193.49.172.174;
Mar  8 12:05:04 ;1678273504;473959;sacha;193.49.172.174;
Mar  8 12:05:27 ;1678273527;473979;sacha;193.49.172.174;
Mar  8 12:05:29 ;1678273529;473985;sacha;193.49.172.174;
Mar  8 12:35:02 ;1678275302;475291;sacha;193.49.172.174;
Mar  8 12:35:03 ;1678275303;475296;sacha;193.49.172.174;
Mar  8 12:35:04 ;1678275304;475302;sacha;193.49.172.174;
Mar  8 12:35:26 ;1678275326;475321;sacha;193.49.172.174;
Mar  8 12:35:28 ;1678275328;475331;sacha;193.49.172.174;
Mar  8 13:05:02 ;1678277102;476664;sacha;193.49.172.174;
Mar  8 13:05:03 ;1678277103;476669;sacha;193.49.172.174;
Mar  8 13:05:04 ;1678277104;476674;sacha;193.49.172.174;
Mar  8 13:05:26 ;1678277126;476694;sacha;193.49.172.174;
Mar  8 13:05:28 ;1678277128;476701;sacha;193.49.172.174;
Mar  8 14:35:01 ;1678282501;480495;sacha;193.49.172.183;
Mar  8 14:35:02 ;1678282502;480515;sacha;193.49.172.183;
Mar  8 14:35:03 ;1678282503;480519;sacha;193.49.172.183;
Mar  8 14:35:29 ;1678282529;480546;sacha;193.49.172.183;
Mar  8 14:35:32 ;1678282532;480553;sacha;193.49.172.183;
Mar  8 15:05:03 ;1678284303;481894;sacha;193.49.172.183;
Mar  8 15:05:04 ;1678284304;481898;sacha;193.49.172.183;
Mar  8 15:05:05 ;1678284305;481903;sacha;193.49.172.183;
Mar  8 15:05:29 ;1678284329;481923;sacha;193.49.172.183;
Mar  8 15:05:31 ;1678284331;481929;sacha;193.49.172.183;
Mar  8 15:35:01 ;1678286101;483224;sacha;193.49.172.183;
Mar  8 15:35:03 ;1678286103;483244;sacha;193.49.172.183;
Mar  8 15:35:04 ;1678286104;483249;sacha;193.49.172.183;
Mar  8 15:35:36 ;1678286136;483274;sacha;193.49.172.183;
Mar  8 15:35:39 ;1678286139;483280;sacha;193.49.172.183;
Mar  9 08:05:43 ;1678345543;533985;sacha;193.49.172.174;
Mar  9 08:05:44 ;1678345544;533990;sacha;193.49.172.174;
Mar  9 08:05:45 ;1678345545;533994;sacha;193.49.172.174;
Mar  9 08:06:10 ;1678345570;534027;sacha;193.49.172.174;
Mar  9 08:06:12 ;1678345572;534033;sacha;193.49.172.174;
Mar  9 10:05:00 ;1678352700;539569;sacha;193.49.172.183;
Mar  9 10:05:01 ;1678352701;539574;sacha;193.49.172.183;
Mar  9 10:05:02 ;1678352702;539594;sacha;193.49.172.183;
Mar  9 10:05:27 ;1678352727;539623;sacha;193.49.172.183;
Mar  9 10:05:29 ;1678352729;539629;sacha;193.49.172.183;
Mar  9 10:34:59 ;1678354499;540834;sacha;193.49.172.183;
Mar  9 10:35:00 ;1678354500;540838;sacha;193.49.172.183;
Mar  9 10:35:01 ;1678354501;540843;sacha;193.49.172.183;
Mar  9 10:35:23 ;1678354523;540884;sacha;193.49.172.183;
Mar  9 10:35:25 ;1678354525;540890;sacha;193.49.172.183;
Mar  9 12:04:59 ;1678359899;544763;sacha;193.49.172.174;
Mar  9 12:05:00 ;1678359900;544767;sacha;193.49.172.174;
Mar  9 12:05:02 ;1678359902;544787;sacha;193.49.172.174;
Mar  9 12:05:24 ;1678359924;544818;sacha;193.49.172.174;
Mar  9 12:05:27 ;1678359927;544824;sacha;193.49.172.174;
Mar  9 12:34:59 ;1678361699;546131;sacha;193.49.172.174;
Mar  9 12:34:59 ;1678361699;546135;sacha;193.49.172.174;
Mar  9 12:35:01 ;1678361701;546140;sacha;193.49.172.174;
Mar  9 12:35:24 ;1678361724;546178;sacha;193.49.172.174;
Mar  9 12:35:26 ;1678361726;546184;sacha;193.49.172.174;
Mar  9 14:06:14 ;1678367174;550526;sacha;193.49.172.183;
Mar  9 14:06:15 ;1678367175;550530;sacha;193.49.172.183;
Mar  9 14:06:16 ;1678367176;550534;sacha;193.49.172.183;
Mar  9 14:06:41 ;1678367201;550559;sacha;193.49.172.183;
Mar  9 14:06:43 ;1678367203;550567;sacha;193.49.172.183;
Mar  9 15:05:02 ;1678370702;553050;sacha;80.214.220.96;
Mar  9 15:05:03 ;1678370703;553071;sacha;80.214.220.96;
Mar  9 15:05:05 ;1678370705;553077;sacha;80.214.220.96;
Mar  9 15:05:49 ;1678370749;553113;sacha;80.214.220.96;
Mar  9 15:05:52 ;1678370752;553121;sacha;80.214.220.96;
Mar 10 09:05:03 ;1678435503;602757;sacha;192.168.0.62;
Mar 10 09:05:03 ;1678435503;602761;sacha;192.168.0.62;
Mar 10 09:05:04 ;1678435504;602765;sacha;192.168.0.62;
Mar 10 09:05:18 ;1678435518;602781;sacha;192.168.0.62;
Mar 10 09:05:19 ;1678435519;602786;sacha;192.168.0.62;
Mar 10 09:35:01 ;1678437301;604070;sacha;192.168.0.62;
Mar 10 09:35:02 ;1678437302;604074;sacha;192.168.0.62;
Mar 10 09:35:02 ;1678437302;604079;sacha;192.168.0.62;
Mar 10 09:35:16 ;1678437316;604094;sacha;192.168.0.62;
Mar 10 09:35:17 ;1678437317;604099;sacha;192.168.0.62;
Mar 10 10:05:01 ;1678439101;605391;sacha;192.168.0.62;
Mar 10 10:05:01 ;1678439101;605410;sacha;192.168.0.62;
Mar 10 10:05:02 ;1678439102;605415;sacha;192.168.0.62;
Mar 10 10:05:16 ;1678439116;605430;sacha;192.168.0.62;
Mar 10 10:05:17 ;1678439117;605435;sacha;192.168.0.62;
Mar 10 10:35:01 ;1678440901;606750;sacha;192.168.0.62;
Mar 10 10:35:02 ;1678440902;606754;sacha;192.168.0.62;
Mar 10 10:35:02 ;1678440902;606759;sacha;192.168.0.62;
Mar 10 10:35:16 ;1678440916;606778;sacha;192.168.0.62;
Mar 10 10:35:17 ;1678440917;606784;sacha;192.168.0.62;
Mar 10 11:05:01 ;1678442701;608579;sacha;192.168.0.62;
Mar 10 11:05:01 ;1678442701;608583;sacha;192.168.0.62;
Mar 10 11:05:02 ;1678442702;608590;sacha;192.168.0.62;
Mar 10 11:05:16 ;1678442716;608607;sacha;192.168.0.62;
Mar 10 11:05:17 ;1678442717;608612;sacha;192.168.0.62;
Mar 10 11:35:01 ;1678444501;610040;sacha;192.168.0.62;
Mar 10 11:35:02 ;1678444502;610044;sacha;192.168.0.62;
Mar 10 11:35:02 ;1678444502;610049;sacha;192.168.0.62;
Mar 10 11:35:16 ;1678444516;610067;sacha;192.168.0.62;
Mar 10 11:35:18 ;1678444518;610073;sacha;192.168.0.62;
Mar 10 15:05:02 ;1678457102;619140;sacha;192.168.0.62;
Mar 10 15:05:02 ;1678457102;619144;sacha;192.168.0.62;
Mar 10 15:05:03 ;1678457103;619148;sacha;192.168.0.62;
Mar 10 15:05:17 ;1678457117;619164;sacha;192.168.0.62;
Mar 10 15:05:19 ;1678457119;619170;sacha;192.168.0.62;
Mar 10 15:35:01 ;1678458901;620412;sacha;192.168.0.62;
Mar 10 15:35:01 ;1678458901;620416;sacha;192.168.0.62;
Mar 10 15:35:02 ;1678458902;620421;sacha;192.168.0.62;
Mar 10 15:35:16 ;1678458916;620438;sacha;192.168.0.62;
Mar 10 15:35:17 ;1678458917;620443;sacha;192.168.0.62;
Mar 10 16:05:01 ;1678460701;621729;sacha;192.168.0.62;
Mar 10 16:05:01 ;1678460701;621733;sacha;192.168.0.62;
Mar 10 16:05:02 ;1678460702;621740;sacha;192.168.0.62;
Mar 10 16:05:16 ;1678460716;621754;sacha;192.168.0.62;
Mar 10 16:05:17 ;1678460717;621760;sacha;192.168.0.62;
Jan  8 16:35:00 ;1673192100;1935378;sacha;192.168.0.62;
Jan  8 17:05:00 ;1673193900;1949855;sacha;192.168.0.62;
Jan  8 17:35:01 ;1673195701;1963082;sacha;192.168.0.62;
Jan  8 17:39:03 ;1673195943;1963321;sacha;192.168.0.1;
Jan  8 18:05:02 ;1673197502;1974637;sacha;192.168.0.62;
Jan  9 08:12:15 ;1673248335;2183538;sacha;193.49.172.174;
Jan 10 08:35:01 ;1673336101;2248274;sacha;193.49.172.174;
Jan 10 09:05:00 ;1673337900;2249584;sacha;193.49.172.174;
Jan 10 09:35:01 ;1673339701;2250877;sacha;193.49.172.174;
Jan 10 10:05:01 ;1673341501;2252177;sacha;193.49.172.174;
Jan 10 10:35:02 ;1673343302;2253569;sacha;193.49.172.174;
Jan 10 11:05:01 ;1673345101;2255049;sacha;193.49.172.174;
Jan 10 11:35:02 ;1673346902;2256472;sacha;193.49.172.174;
Jan 10 12:05:02 ;1673348702;2257947;sacha;193.49.172.174;
Jan 10 12:35:02 ;1673350502;2259278;sacha;193.49.172.174;
Jan 10 13:05:02 ;1673352302;2260527;sacha;193.49.172.174;
Jan 10 13:35:02 ;1673354102;2261765;sacha;193.49.172.174;
Jan 10 14:05:01 ;1673355901;2263137;sacha;193.49.172.183;
Jan 10 14:35:01 ;1673357701;2264497;sacha;193.49.172.183;
Jan 10 15:05:02 ;1673359502;2265806;sacha;193.49.172.174;
Jan 10 15:35:01 ;1673361301;2267028;sacha;193.49.172.174;
Jan 10 16:05:01 ;1673363101;2268283;sacha;193.49.172.174;
Jan 10 16:35:01 ;1673364901;2269575;sacha;193.49.172.174;
Jan 10 17:05:02 ;1673366702;2270831;sacha;193.49.172.174;
Jan 11 08:34:51 ;1673422491;2312503;sacha;193.49.172.174;
Jan 11 08:35:01 ;1673422501;2312536;sacha;193.49.172.174;
Jan 11 08:42:51 ;1673422971;2312937;sacha;193.49.172.174;
Jan 11 08:48:00 ;1673423280;2313156;sacha;193.49.172.174;
Jan 11 08:48:00 ;1673423280;2313157;sacha;193.49.172.174;
Jan 11 09:05:01 ;1673424301;2314147;sacha;193.49.172.174;
Jan 11 09:35:01 ;1673426101;2315457;sacha;193.49.172.174;
Jan 11 10:05:01 ;1673427901;2316838;sacha;193.49.172.174;
Jan 11 10:35:01 ;1673429701;2318190;sacha;193.49.172.174;
Jan 11 11:01:05 ;1673431265;2319296;sacha;193.49.172.174;
Jan 11 11:05:01 ;1673431501;2319452;sacha;193.49.172.174;
Jan 11 11:35:02 ;1673433302;2320772;sacha;193.49.172.174;
Jan 11 12:05:02 ;1673435102;2322051;sacha;193.49.172.174;
Jan 11 13:05:02 ;1673438702;2325096;sacha;193.49.172.174;
Jan 11 13:21:52 ;1673439712;2325937;sacha;193.49.172.174;
Jan 11 13:22:10 ;1673439730;2325958;sacha;193.49.172.174;
Jan 11 13:35:03 ;1673440503;2326535;sacha;193.49.172.174;
Jan 11 14:05:02 ;1673442302;2327838;sacha;193.49.172.174;
Jan 11 14:35:01 ;1673444101;2329214;sacha;193.49.172.174;
Jan 11 15:05:02 ;1673445902;2330546;sacha;193.49.172.174;
Jan 11 15:35:02 ;1673447702;2331841;sacha;193.49.172.174;
Jan 11 16:05:02 ;1673449502;2333157;sacha;193.49.172.174;
Jan 11 16:15:15 ;1673450115;2333641;sacha;193.49.172.174;
Jan 11 16:35:01 ;1673451301;2334442;sacha;193.49.172.174;
Jan 12 08:05:01 ;1673507101;2376802;sacha;193.49.172.174;
Jan 12 08:35:02 ;1673508902;2378095;sacha;193.49.172.174;
Jan 12 09:05:02 ;1673510702;2379441;sacha;193.49.172.174;
Jan 12 09:35:02 ;1673512502;2380810;sacha;193.49.172.183;
Jan 12 10:05:02 ;1673514302;2382216;sacha;193.49.172.183;
Jan 12 10:35:01 ;1673516101;2383595;sacha;193.49.172.183;
Jan 12 11:05:01 ;1673517901;2384896;sacha;193.49.172.174;
Jan 12 11:35:01 ;1673519701;2386181;sacha;193.49.172.174;
Jan 12 12:05:02 ;1673521502;2387475;sacha;193.49.172.174;
Jan 12 12:35:01 ;1673523301;2388721;sacha;193.49.172.174;
Jan 12 13:05:02 ;1673525102;2390077;sacha;193.49.172.174;
Jan 12 13:35:01 ;1673526901;2391499;sacha;193.49.172.174;
Jan 12 14:05:02 ;1673528702;2392844;sacha;193.49.172.174;
Jan 12 14:35:01 ;1673530501;2394174;sacha;193.49.172.174;
Jan 13 07:05:05 ;1673589905;2441835;sacha;192.168.0.62;
Jan 13 07:35:05 ;1673591705;2443147;sacha;192.168.0.62;
Jan 13 08:05:05 ;1673593505;2444480;sacha;192.168.0.62;
Jan 13 08:35:01 ;1673595301;2445776;sacha;192.168.0.62;
Jan 13 10:05:01 ;1673600701;2450463;sacha;192.168.0.62;
Jan 13 10:35:01 ;1673602501;2451771;sacha;192.168.0.62;
Jan 13 11:05:01 ;1673604301;2453235;sacha;192.168.0.62;
Jan 13 11:35:01 ;1673606101;2454694;sacha;192.168.0.62;
Jan 13 12:05:02 ;1673607902;2455985;sacha;192.168.0.62;
Jan 13 12:35:01 ;1673609701;2457389;sacha;192.168.0.62;
Jan 13 13:05:01 ;1673611501;2458746;sacha;192.168.0.62;
Jan 13 13:35:01 ;1673613301;2460091;sacha;192.168.0.62;
Jan 13 14:05:02 ;1673615102;2461383;sacha;192.168.0.62;
Jan 13 14:35:02 ;1673616902;2462658;sacha;192.168.0.62;
Jan 13 15:05:02 ;1673618702;2463928;sacha;192.168.0.62;
Jan 13 15:35:02 ;1673620502;2465194;sacha;192.168.0.62;
Jan 13 16:05:01 ;1673622301;2466598;sacha;192.168.0.62;
Jan 13 16:35:02 ;1673624102;2468143;sacha;192.168.0.62;
Jan 13 17:05:01 ;1673625901;2469606;sacha;192.168.0.62;
Jan 13 17:35:01 ;1673627701;2470889;sacha;192.168.0.62;
Mar 13 08:35:02 ;1678692902;795310;sacha;193.49.172.174;
Mar 13 08:35:02 ;1678692902;795315;sacha;193.49.172.174;
Mar 13 08:35:04 ;1678692904;795319;sacha;193.49.172.174;
Mar 13 08:35:32 ;1678692932;795347;sacha;193.49.172.174;
Mar 13 08:36:54 ;1678693014;795413;sacha;193.49.172.174;
Mar 13 11:05:03 ;1678701903;802238;sacha;193.49.172.174;
Mar 13 11:05:04 ;1678701904;802242;sacha;193.49.172.174;
Mar 13 11:05:05 ;1678701905;802248;sacha;193.49.172.174;
Mar 13 11:05:27 ;1678701927;802269;sacha;193.49.172.174;
Mar 13 11:05:29 ;1678701929;802277;sacha;193.49.172.174;
Mar 13 11:35:03 ;1678703703;803709;sacha;193.49.172.174;
Mar 13 11:35:04 ;1678703704;803713;sacha;193.49.172.174;
Mar 13 11:35:06 ;1678703706;803718;sacha;193.49.172.174;
Mar 13 11:35:27 ;1678703727;803737;sacha;193.49.172.174;
Mar 13 11:35:29 ;1678703729;803744;sacha;193.49.172.174;
Mar 13 12:05:03 ;1678705503;805017;sacha;193.49.172.174;
Mar 13 12:05:04 ;1678705504;805022;sacha;193.49.172.174;
Mar 13 12:05:06 ;1678705506;805027;sacha;193.49.172.174;
Mar 13 12:05:27 ;1678705527;805046;sacha;193.49.172.174;
Mar 13 12:05:29 ;1678705529;805054;sacha;193.49.172.174;
Mar 13 13:05:03 ;1678709103;807657;sacha;193.49.172.174;
Mar 13 13:05:04 ;1678709104;807661;sacha;193.49.172.174;
Mar 13 13:05:05 ;1678709105;807667;sacha;193.49.172.174;
Mar 13 13:05:26 ;1678709126;807687;sacha;193.49.172.174;
Mar 13 13:05:28 ;1678709128;807693;sacha;193.49.172.174;
Mar 13 13:35:03 ;1678710903;808986;sacha;193.49.172.174;
Mar 13 13:35:04 ;1678710904;808990;sacha;193.49.172.174;
Mar 13 13:35:06 ;1678710906;808997;sacha;193.49.172.174;
Mar 13 13:35:28 ;1678710928;809020;sacha;193.49.172.174;
Mar 13 13:35:30 ;1678710930;809027;sacha;193.49.172.174;
Mar 13 14:05:03 ;1678712703;810443;sacha;193.49.172.174;
Mar 13 14:05:04 ;1678712704;810447;sacha;193.49.172.174;
Mar 13 14:05:05 ;1678712705;810452;sacha;193.49.172.174;
Mar 13 14:05:28 ;1678712728;810488;sacha;193.49.172.174;
Mar 13 14:05:31 ;1678712731;810495;sacha;193.49.172.174;
Mar 13 14:35:03 ;1678714503;812256;sacha;193.49.172.174;
Mar 13 14:35:04 ;1678714504;812260;sacha;193.49.172.174;
Mar 13 14:35:05 ;1678714505;812266;sacha;193.49.172.174;
Mar 13 14:35:27 ;1678714527;812290;sacha;193.49.172.174;
Mar 13 14:36:08 ;1678714568;812323;sacha;193.49.172.174;
Mar 13 15:02:53 ;1678716173;813630;sacha;193.49.172.174;
Mar 13 15:02:54 ;1678716174;813635;sacha;193.49.172.174;
Mar 13 15:05:03 ;1678716303;813750;sacha;193.49.172.174;
Mar 13 15:05:04 ;1678716304;813756;sacha;193.49.172.174;
Mar 13 15:05:05 ;1678716305;813763;sacha;193.49.172.174;
Mar 13 15:05:26 ;1678716326;813783;sacha;193.49.172.174;
Mar 13 15:05:29 ;1678716329;813789;sacha;193.49.172.174;
Mar 13 15:35:03 ;1678718103;815156;sacha;193.49.172.174;
Mar 13 15:35:04 ;1678718104;815160;sacha;193.49.172.174;
Mar 13 15:35:05 ;1678718105;815167;sacha;193.49.172.174;
Mar 13 15:35:28 ;1678718128;815189;sacha;193.49.172.174;
Mar 13 15:35:31 ;1678718131;815197;sacha;193.49.172.174;
Mar 13 16:05:03 ;1678719903;816542;sacha;193.49.172.174;
Mar 13 16:05:04 ;1678719904;816546;sacha;193.49.172.174;
Mar 13 16:05:06 ;1678719906;816553;sacha;193.49.172.174;
Mar 13 16:05:28 ;1678719928;816573;sacha;193.49.172.174;
Mar 13 16:05:30 ;1678719930;816580;sacha;193.49.172.174;
Mar 13 16:35:03 ;1678721703;817832;sacha;193.49.172.174;
Mar 13 16:35:04 ;1678721704;817836;sacha;193.49.172.174;
Mar 13 16:35:05 ;1678721705;817842;sacha;193.49.172.174;
Mar 13 16:35:27 ;1678721727;817861;sacha;193.49.172.174;
Mar 13 16:35:29 ;1678721729;817868;sacha;193.49.172.174;
Mar 14 08:35:04 ;1678779304;862299;sacha;193.49.172.174;
Mar 14 08:35:05 ;1678779305;862303;sacha;193.49.172.174;
Mar 14 08:35:06 ;1678779306;862308;sacha;193.49.172.174;
Mar 14 08:35:30 ;1678779330;862330;sacha;193.49.172.174;
Mar 14 08:36:11 ;1678779371;862357;sacha;193.49.172.174;
Mar 14 09:05:05 ;1678781105;863589;sacha;193.49.172.174;
Mar 14 09:05:06 ;1678781106;863593;sacha;193.49.172.174;
Mar 14 09:05:07 ;1678781107;863598;sacha;193.49.172.174;
Mar 14 09:05:31 ;1678781131;863622;sacha;193.49.172.174;
Mar 14 09:06:11 ;1678781171;863654;sacha;193.49.172.174;
Mar 14 09:35:04 ;1678782904;864933;sacha;193.49.172.174;
Mar 14 09:35:06 ;1678782906;864937;sacha;193.49.172.174;
Mar 14 09:35:08 ;1678782908;864942;sacha;193.49.172.174;
Mar 14 09:35:32 ;1678782932;864969;sacha;193.49.172.174;
Mar 14 09:36:12 ;1678782972;864997;sacha;193.49.172.174;
Mar 14 10:05:01 ;1678784701;866492;sacha;193.49.172.174;
Mar 14 10:05:02 ;1678784702;866496;sacha;193.49.172.174;
Mar 14 10:05:04 ;1678784704;866501;sacha;193.49.172.174;
Mar 14 10:05:25 ;1678784725;866519;sacha;193.49.172.174;
Mar 14 10:06:06 ;1678784766;866577;sacha;193.49.172.174;
Mar 14 10:35:02 ;1678786502;868234;sacha;193.49.172.174;
Mar 14 10:35:03 ;1678786503;868238;sacha;193.49.172.174;
Mar 14 10:35:04 ;1678786504;868245;sacha;193.49.172.174;
Mar 14 10:35:26 ;1678786526;868269;sacha;193.49.172.174;
Mar 14 10:36:06 ;1678786566;868323;sacha;193.49.172.174;
Mar 14 11:05:01 ;1678788301;869936;sacha;193.49.172.174;
Mar 14 11:05:02 ;1678788302;869955;sacha;193.49.172.174;
Mar 14 11:05:04 ;1678788304;869962;sacha;193.49.172.174;
Mar 14 11:05:25 ;1678788325;869987;sacha;193.49.172.174;
Mar 14 11:06:06 ;1678788366;870024;sacha;193.49.172.174;
Mar 14 11:35:02 ;1678790102;871409;sacha;193.49.172.174;
Mar 14 11:35:03 ;1678790103;871414;sacha;193.49.172.174;
Mar 14 11:35:04 ;1678790104;871419;sacha;193.49.172.174;
Mar 14 11:35:26 ;1678790126;871440;sacha;193.49.172.174;
Mar 14 11:36:06 ;1678790166;871469;sacha;193.49.172.174;
Mar 14 12:05:01 ;1678791901;872697;sacha;193.49.172.174;
Mar 14 12:05:02 ;1678791902;872718;sacha;193.49.172.174;
Mar 14 12:05:04 ;1678791904;872722;sacha;193.49.172.174;
Mar 14 12:05:25 ;1678791925;872741;sacha;193.49.172.174;
Mar 14 12:06:05 ;1678791965;872778;sacha;193.49.172.174;
Mar 14 12:35:01 ;1678793701;873994;sacha;193.49.172.174;
Mar 14 12:35:03 ;1678793703;874000;sacha;193.49.172.174;
Mar 14 12:35:04 ;1678793704;874004;sacha;193.49.172.174;
Mar 14 12:35:25 ;1678793725;874023;sacha;193.49.172.174;
Mar 14 12:35:27 ;1678793727;874029;sacha;193.49.172.174;
Mar 14 13:05:01 ;1678795501;875316;sacha;193.49.172.174;
Mar 14 13:05:02 ;1678795502;875336;sacha;193.49.172.174;
Mar 14 13:05:04 ;1678795504;875341;sacha;193.49.172.174;
Mar 14 13:05:25 ;1678795525;875362;sacha;193.49.172.174;
Mar 14 13:06:05 ;1678795565;875398;sacha;193.49.172.174;
Mar 14 13:35:02 ;1678797302;876670;sacha;193.49.172.174;
Mar 14 13:35:03 ;1678797303;876675;sacha;193.49.172.174;
Mar 14 13:35:04 ;1678797304;876680;sacha;193.49.172.174;
Mar 14 13:35:26 ;1678797326;876701;sacha;193.49.172.174;
Mar 14 13:36:07 ;1678797367;876734;sacha;193.49.172.174;
Mar 14 14:35:03 ;1678800903;879890;sacha;193.49.172.174;
Mar 14 14:35:04 ;1678800904;879895;sacha;193.49.172.174;
Mar 14 14:35:05 ;1678800905;879900;sacha;193.49.172.174;
Mar 14 14:35:26 ;1678800926;879920;sacha;193.49.172.174;
Mar 14 14:35:28 ;1678800928;879926;sacha;193.49.172.174;
Mar 14 15:05:02 ;1678802702;881243;sacha;193.49.172.183;
Mar 14 15:05:03 ;1678802703;881248;sacha;193.49.172.183;
Mar 14 15:05:04 ;1678802704;881255;sacha;193.49.172.183;
Mar 14 15:05:26 ;1678802726;881273;sacha;193.49.172.183;
Mar 14 15:06:07 ;1678802767;881305;sacha;193.49.172.183;
Mar 14 15:35:02 ;1678804502;882558;sacha;193.49.172.183;
Mar 14 15:35:03 ;1678804503;882562;sacha;193.49.172.183;
Mar 14 15:35:04 ;1678804504;882567;sacha;193.49.172.183;
Mar 14 15:35:28 ;1678804528;882590;sacha;193.49.172.183;
Mar 14 15:36:09 ;1678804569;882620;sacha;193.49.172.183;
Mar 14 16:05:02 ;1678806302;883991;sacha;193.49.172.183;
Mar 14 16:05:03 ;1678806303;883996;sacha;193.49.172.183;
Mar 14 16:05:04 ;1678806304;884001;sacha;193.49.172.183;
Mar 14 16:05:26 ;1678806326;884025;sacha;193.49.172.183;
Mar 14 16:06:06 ;1678806366;884059;sacha;193.49.172.183;
Mar 14 16:35:02 ;1678808102;885391;sacha;193.49.172.174;
Mar 14 16:35:02 ;1678808102;885411;sacha;193.49.172.174;
Mar 14 16:35:04 ;1678808104;885416;sacha;193.49.172.174;
Mar 14 16:35:27 ;1678808127;885437;sacha;193.49.172.174;
Mar 14 16:36:23 ;1678808183;885494;sacha;193.49.172.174;
Mar 16 08:35:04 ;1678952104;998966;sacha;193.49.172.183;
Mar 16 08:35:05 ;1678952105;998971;sacha;193.49.172.183;
Mar 16 08:35:06 ;1678952106;998975;sacha;193.49.172.183;
Mar 16 08:35:30 ;1678952130;998994;sacha;193.49.172.183;
Mar 16 08:45:43 ;1678952743;999499;sacha;193.49.172.183;
Mar 16 09:05:01 ;1678953901;1000742;sacha;193.49.172.183;
Mar 16 09:35:02 ;1678955702;1002340;sacha;193.49.172.183;
Mar 16 10:05:02 ;1678957502;1003901;sacha;193.49.172.183;
Mar 16 10:35:01 ;1678959301;1005249;sacha;193.49.172.183;
Mar 16 11:35:01 ;1678962901;1007852;sacha;193.49.172.183;
Mar 16 12:35:02 ;1678966502;1010699;sacha;193.49.172.174;
Mar 16 13:05:01 ;1678968301;1012113;sacha;193.49.172.174;
Mar 16 13:35:01 ;1678970101;1013411;sacha;193.49.172.183;
Mar 16 14:05:01 ;1678971901;1014863;sacha;193.49.172.183;
Mar 16 14:35:02 ;1678973702;1016352;sacha;193.49.172.183;
Mar 16 15:35:01 ;1678977301;1019034;sacha;193.49.172.183;
Mar 16 16:05:02 ;1678979102;1020320;sacha;193.49.172.183;
Mar 17 06:52:00 ;1679032320;1060800;sacha;80.214.151.138;
Feb 13 08:54:50 ;1676274890;356389;sacha;193.49.172.174;
Feb 13 09:05:01 ;1676275501;356907;sacha;193.49.172.174;
Feb 13 09:24:53 ;1676276693;357974;sacha;193.49.172.174;
Feb 13 09:35:02 ;1676277302;358470;sacha;193.49.172.174;
Feb 13 10:05:02 ;1676279102;359858;sacha;193.49.172.174;
Feb 13 10:35:01 ;1676280901;361329;sacha;193.49.172.174;
Feb 13 11:05:01 ;1676282701;362988;sacha;193.49.172.174;
Feb 13 11:35:02 ;1676284502;364734;sacha;193.49.172.174;
Feb 13 12:05:02 ;1676286302;366359;sacha;193.49.172.174;
Feb 13 12:35:01 ;1676288101;367869;sacha;193.49.172.174;
Feb 13 13:05:01 ;1676289901;369254;sacha;193.49.172.174;
Feb 13 13:35:01 ;1676291701;370689;sacha;193.49.172.174;
Feb 13 14:05:01 ;1676293501;372191;sacha;193.49.172.174;
Feb 13 14:35:02 ;1676295302;373667;sacha;193.49.172.174;
Feb 13 14:35:39 ;1676295339;373723;sacha;193.49.172.174;
Feb 13 14:36:01 ;1676295361;373752;sacha;193.49.172.174;
Feb 13 15:05:02 ;1676297102;375111;sacha;193.49.172.174;
Feb 13 15:35:02 ;1676298902;376433;sacha;193.49.172.174;
Feb 13 16:05:02 ;1676300702;377838;sacha;193.49.172.174;
Feb 14 10:05:01 ;1676365501;428012;sacha;193.49.172.174;
Feb 14 10:35:01 ;1676367301;429482;sacha;193.49.172.174;
Feb 14 11:05:02 ;1676369102;430863;sacha;193.49.172.174;
Feb 14 11:35:01 ;1676370901;432149;sacha;193.49.172.174;
Feb 14 12:05:01 ;1676372701;433457;sacha;193.49.172.174;
Feb 14 12:35:02 ;1676374502;434702;sacha;193.49.172.174;
Feb 14 13:05:01 ;1676376301;436002;sacha;193.49.172.174;
Feb 14 13:35:02 ;1676378102;437301;sacha;193.49.172.174;
Feb 14 13:54:09 ;1676379249;438546;sacha;193.49.172.174;
Feb 14 14:05:01 ;1676379901;439031;sacha;193.49.172.174;
Feb 14 14:35:01 ;1676381701;440526;sacha;193.49.172.174;
Feb 14 15:05:02 ;1676383502;442036;sacha;193.49.172.174;
Feb 14 15:35:01 ;1676385301;443480;sacha;193.49.172.174;
Feb 14 16:05:02 ;1676387102;444868;sacha;193.49.172.174;
Feb 14 16:35:02 ;1676388902;446172;sacha;193.49.172.174;
Jan 15 19:05:04 ;1673805904;2606402;sacha;192.168.0.62;
Jan 15 19:35:04 ;1673807704;2607776;sacha;192.168.0.62;
Jan 15 20:05:04 ;1673809504;2609095;sacha;192.168.0.62;
Jan 16 08:34:59 ;1673854499;2643501;sacha;193.49.172.183;
Jan 16 09:05:00 ;1673856300;2644863;sacha;193.49.172.183;
Jan 16 09:35:59 ;1673858159;2646289;sacha;193.49.172.183;
Jan 16 10:05:00 ;1673859900;2647763;sacha;193.49.172.183;
Jan 16 10:34:59 ;1673861699;2649233;sacha;193.49.172.183;
Jan 16 11:06:05 ;1673863565;2650674;sacha;193.49.172.183;
Jan 16 15:05:00 ;1673877900;2662170;sacha;193.49.172.174;
Jan 16 15:35:02 ;1673879702;2663486;sacha;193.49.172.174;
Jan 16 16:05:02 ;1673881502;2664857;sacha;193.49.172.174;
Jan 16 16:35:01 ;1673883301;2666129;sacha;193.49.172.174;
Jan 16 17:35:02 ;1673886902;2668722;sacha;192.168.0.1;
Jan 16 18:05:01 ;1673888701;2670020;sacha;192.168.0.62;
Jan 18 10:05:03 ;1674032703;2781591;sacha;193.49.172.174;
Jan 18 10:35:02 ;1674034502;2782881;sacha;193.49.172.174;
Jan 18 10:45:36 ;1674035136;2783376;sacha;193.49.172.183;
Jan 18 11:05:03 ;1674036303;2784174;sacha;193.49.172.183;
Jan 18 11:35:03 ;1674038103;2785447;sacha;193.49.172.183;
Jan 18 12:05:03 ;1674039903;2786867;sacha;193.49.172.183;
Jan 18 12:35:03 ;1674041703;2788543;sacha;193.49.172.183;
Jan 18 13:05:03 ;1674043503;2789912;sacha;193.49.172.183;
Jan 18 13:35:04 ;1674045304;2791418;sacha;193.49.172.183;
Jan 18 14:05:02 ;1674047102;2792780;sacha;193.49.172.183;
Jan 18 14:35:03 ;1674048903;2794788;sacha;193.49.172.183;
Jan 18 15:05:03 ;1674050703;2796272;sacha;193.49.172.183;
Jan 18 15:35:03 ;1674052503;2797708;sacha;193.49.172.183;
Jan 18 16:05:02 ;1674054302;2799055;sacha;193.49.172.183;
Jan 18 16:35:03 ;1674056103;2800363;sacha;193.49.172.183;
Jan 18 17:05:03 ;1674057903;2801699;sacha;193.49.172.183;
Jan 19 09:05:03 ;1674115503;2849136;sacha;193.49.172.174;
Jan 19 09:35:02 ;1674117302;2850621;sacha;193.49.172.174;
Jan 19 10:05:02 ;1674119102;2851990;sacha;193.49.172.174;
Jan 19 10:35:02 ;1674120902;2853234;sacha;193.49.172.174;
Jan 19 11:05:01 ;1674122701;2854485;sacha;193.49.172.174;
Jan 19 11:35:02 ;1674124502;2855784;sacha;193.49.172.174;
Jan 19 12:05:02 ;1674126302;2857062;sacha;193.49.172.174;
Jan 19 12:35:01 ;1674128101;2858333;sacha;193.49.172.174;
Jan 19 13:05:02 ;1674129902;2859669;sacha;193.49.172.174;
Jan 19 13:35:02 ;1674131702;2861134;sacha;193.49.172.174;
Jan 19 14:05:01 ;1674133501;2862439;sacha;193.49.172.174;
Jan 19 14:35:02 ;1674135302;2863775;sacha;193.49.172.174;
Jan 19 15:05:01 ;1674137101;2865078;sacha;193.49.172.174;
Jan 19 15:35:01 ;1674138901;2866357;sacha;193.49.172.183;
Jan 19 16:05:02 ;1674140702;2867632;sacha;193.49.172.183;
Jan 19 16:35:01 ;1674142501;2868874;sacha;193.49.172.183;
Jan 20 09:05:03 ;1674201903;2913284;sacha;192.168.0.62;
Jan 20 09:35:03 ;1674203703;2914700;sacha;192.168.0.62;
Jan 20 10:05:01 ;1674205501;2915996;sacha;192.168.0.62;
Jan 20 10:35:01 ;1674207301;2917280;sacha;192.168.0.62;
Jan 20 11:05:01 ;1674209101;2918639;sacha;192.168.0.62;
Jan 20 11:35:01 ;1674210901;2919909;sacha;192.168.0.62;
Jan 20 12:05:01 ;1674212701;2921185;sacha;192.168.0.62;
Jan 20 12:35:02 ;1674214502;2922533;sacha;192.168.0.62;
Jan 20 13:05:01 ;1674216301;2923790;sacha;192.168.0.62;
Jan 20 13:35:01 ;1674218101;2925086;sacha;192.168.0.62;
Jan 20 13:54:40 ;1674219280;2925916;sacha;192.168.0.1;
Jan 20 14:05:02 ;1674219902;2926339;sacha;192.168.0.62;
Jan 20 14:35:01 ;1674221701;2927575;sacha;192.168.0.62;
Jan 20 15:05:01 ;1674223501;2928884;sacha;192.168.0.62;
Jan 20 15:35:01 ;1674225301;2930139;sacha;192.168.0.62;
Jan 20 16:05:01 ;1674227101;2931395;sacha;192.168.0.62;
Feb 20 08:35:03 ;1676878503;829326;sacha;193.49.172.174;
Feb 20 09:05:03 ;1676880303;830601;sacha;193.49.172.174;
Feb 20 09:35:03 ;1676882103;831880;sacha;193.49.172.174;
Feb 20 10:05:02 ;1676883902;833170;sacha;193.49.172.174;
Feb 20 13:05:01 ;1676894701;840948;sacha;193.49.172.174;
Feb 20 13:35:01 ;1676896501;842441;sacha;193.49.172.174;
Feb 20 14:05:02 ;1676898302;844119;sacha;193.49.172.174;
Feb 20 14:35:02 ;1676900102;845590;sacha;193.49.172.183;
Feb 20 15:05:02 ;1676901902;846957;sacha;193.49.172.183;
Feb 20 15:35:02 ;1676903702;848340;sacha;193.49.172.183;
Feb 20 16:11:34 ;1676905894;850405;sacha;193.49.172.183;
Feb 20 16:15:47 ;1676906147;850624;sacha;193.49.172.183;
Feb 20 16:38:13 ;1676907493;851685;sacha;193.49.172.183;
Feb 21 08:05:01 ;1676963101;895215;sacha;193.49.172.174;
Feb 21 08:35:01 ;1676964901;896557;sacha;193.49.172.174;
Feb 21 08:51:30 ;1676965890;897327;sacha;193.49.172.174;
Feb 21 09:35:00 ;1676968500;899205;sacha;193.49.172.174;
Feb 21 10:05:00 ;1676970300;900492;sacha;193.49.172.174;
Feb 21 10:35:00 ;1676972100;901763;sacha;193.49.172.174;
Feb 21 11:05:00 ;1676973900;903096;sacha;193.49.172.174;
Feb 21 11:35:01 ;1676975701;904430;sacha;193.49.172.174;
Feb 21 12:05:00 ;1676977500;905910;sacha;193.49.172.174;
Feb 21 12:35:01 ;1676979301;907327;sacha;193.49.172.174;
Feb 21 13:05:01 ;1676981101;908875;sacha;193.49.172.174;
Feb 21 14:05:01 ;1676984701;911506;sacha;193.49.172.183;
Feb 21 14:35:00 ;1676986500;912786;sacha;193.49.172.183;
Feb 21 15:05:01 ;1676988301;914245;sacha;193.49.172.183;
Feb 21 15:35:01 ;1676990101;915564;sacha;193.49.172.183;
Feb 21 16:05:01 ;1676991901;916874;sacha;193.49.172.183;
Feb 21 16:35:01 ;1676993701;918316;sacha;193.49.172.183;
Feb 22 08:35:00 ;1677051300;962779;sacha;193.49.172.174;
Feb 22 09:05:00 ;1677053100;964085;sacha;193.49.172.174;
Feb 22 09:35:01 ;1677054901;965379;sacha;193.49.172.174;
Feb 22 10:05:02 ;1677056702;967132;sacha;193.49.172.174;
Feb 22 10:35:01 ;1677058501;968426;sacha;193.49.172.174;
Feb 22 11:05:02 ;1677060302;969691;sacha;193.49.172.174;
Feb 22 11:35:02 ;1677062102;971085;sacha;193.49.172.174;
Feb 22 12:05:02 ;1677063902;972467;sacha;193.49.172.174;
Feb 22 12:35:02 ;1677065702;973828;sacha;193.49.172.174;
Feb 22 13:05:02 ;1677067502;975126;sacha;193.49.172.174;
Feb 22 13:35:02 ;1677069302;976439;sacha;193.49.172.174;
Feb 22 15:35:02 ;1677076502;982111;sacha;193.49.172.183;
Feb 22 16:05:02 ;1677078302;983450;sacha;193.49.172.183;
Feb 22 16:35:01 ;1677080101;984981;sacha;193.49.172.183;
Feb 23 08:35:03 ;1677137703;1029450;sacha;193.49.172.174;
Feb 23 09:05:01 ;1677139501;1030825;sacha;193.49.172.174;
Feb 23 09:35:01 ;1677141301;1032133;sacha;193.49.172.174;
Feb 23 09:59:56 ;1677142796;1033354;sacha;193.49.172.174;
Feb 23 10:00:00 ;1677142800;1033360;sacha;193.49.172.174;
Feb 23 10:05:01 ;1677143101;1033636;sacha;193.49.172.174;
Feb 23 10:11:12 ;1677143472;1033969;sacha;193.49.172.174;
Feb 23 10:35:02 ;1677144902;1035039;sacha;193.49.172.174;
Feb 23 10:37:23 ;1677145043;1035135;sacha;193.49.172.174;
Feb 23 11:05:01 ;1677146701;1036368;sacha;193.49.172.174;
Feb 23 11:35:01 ;1677148501;1037662;sacha;193.49.172.174;
Feb 23 12:05:02 ;1677150302;1038966;sacha;193.49.172.174;
Feb 23 12:35:01 ;1677152101;1040223;sacha;193.49.172.174;
Feb 23 13:05:01 ;1677153901;1041519;sacha;193.49.172.174;
Feb 23 13:35:01 ;1677155701;1042885;sacha;193.49.172.174;
Feb 23 14:05:02 ;1677157502;1044225;sacha;193.49.172.174;
Feb 23 14:35:01 ;1677159301;1045544;sacha;193.49.172.174;
Feb 23 15:05:01 ;1677161101;1046823;sacha;193.49.172.174;
Feb 23 15:35:02 ;1677162902;1048077;sacha;193.49.172.174;
Feb 23 16:05:02 ;1677164702;1049353;sacha;193.49.172.174;
Feb 23 16:35:01 ;1677166501;1050645;sacha;193.49.172.174;
Feb 23 17:05:02 ;1677168302;1051977;sacha;193.49.172.174;
Feb 23 17:35:01 ;1677170101;1053307;sacha;193.49.172.174;
Feb 23 18:05:01 ;1677171901;1054557;sacha;193.49.172.174;
Feb 24 09:05:02 ;1677225902;1098105;sacha;192.168.0.62;
Feb 24 09:35:01 ;1677227701;1099425;sacha;192.168.0.62;
Feb 24 10:05:01 ;1677229501;1100758;sacha;192.168.0.62;
Feb 24 10:35:01 ;1677231301;1102021;sacha;192.168.0.62;
Feb 24 11:05:01 ;1677233101;1103405;sacha;192.168.0.62;
Feb 24 11:35:02 ;1677234902;1104744;sacha;192.168.0.62;
Feb 24 16:05:00 ;1677251100;1117586;sacha;192.168.0.62;
Feb 24 16:35:01 ;1677252901;1119215;sacha;192.168.0.62;
Feb 24 16:36:35 ;1677252995;1119326;sacha;192.168.0.1;
Feb 24 17:05:00 ;1677254700;1120816;sacha;192.168.0.62;
Feb 24 17:19:30 ;1677255570;1121756;sacha;192.168.0.23;
Feb 24 17:20:27 ;1677255627;1121825;sacha;192.168.0.23;
Jan 22 15:35:17 ;1674398117;3054698;sacha;192.168.0.62;
Jan 23 09:35:01 ;1674462901;3104216;sacha;193.49.172.183;
Jan 23 11:35:01 ;1674470101;3109598;sacha;193.49.172.174;
Jan 23 12:05:01 ;1674471901;3110913;sacha;193.49.172.174;
Jan 23 12:35:01 ;1674473701;3112216;sacha;193.49.172.174;
Jan 23 13:05:01 ;1674475501;3113510;sacha;193.49.172.174;
Jan 23 13:32:34 ;1674477154;3114767;sacha;193.49.172.174;
Jan 23 13:35:02 ;1674477302;3114864;sacha;193.49.172.174;
Jan 23 14:05:01 ;1674479101;3116203;sacha;193.49.172.183;
Jan 23 14:35:02 ;1674480902;3117532;sacha;193.49.172.183;
Jan 23 15:05:01 ;1674482701;3118812;sacha;193.49.172.183;
Jan 23 15:35:01 ;1674484501;3120123;sacha;193.49.172.183;
Jan 23 16:05:02 ;1674486302;3121469;sacha;193.49.172.183;
Jan 24 08:35:01 ;1674545701;3177187;sacha;193.49.172.174;
Jan 24 09:05:01 ;1674547501;3178519;sacha;193.49.172.174;
Jan 24 09:35:01 ;1674549301;3180129;sacha;193.49.172.174;
Jan 24 10:05:01 ;1674551101;3181541;sacha;193.49.172.174;
Jan 24 10:35:01 ;1674552901;3182938;sacha;193.49.172.174;
Jan 24 11:05:02 ;1674554702;3184260;sacha;193.49.172.174;
Jan 24 11:35:01 ;1674556501;3185595;sacha;193.49.172.174;
Jan 24 12:05:02 ;1674558302;3187070;sacha;193.49.172.174;
Jan 24 12:35:02 ;1674560102;3188455;sacha;193.49.172.174;
Jan 24 13:05:02 ;1674561902;3189819;sacha;193.49.172.174;
Jan 24 13:35:01 ;1674563701;3191147;sacha;193.49.172.174;
Jan 24 14:05:03 ;1674565503;3192475;sacha;193.49.172.183;
Jan 24 14:35:01 ;1674567301;3193731;sacha;193.49.172.183;
Jan 24 15:05:02 ;1674569102;3195066;sacha;193.49.172.174;
Jan 24 15:35:02 ;1674570902;3196417;sacha;193.49.172.174;
Jan 24 16:05:02 ;1674572702;3197806;sacha;193.49.172.174;
Jan 25 08:35:07 ;1674632107;3254364;sacha;193.49.172.174;
Jan 25 09:05:01 ;1674633901;3255654;sacha;193.49.172.174;
Jan 25 09:35:01 ;1674635701;3257033;sacha;193.49.172.174;
Jan 25 10:05:02 ;1674637502;3258505;sacha;193.49.172.174;
Jan 25 10:35:01 ;1674639301;3259833;sacha;193.49.172.183;
Jan 25 11:05:02 ;1674641102;3261130;sacha;193.49.172.183;
Jan 25 11:35:02 ;1674642902;3262412;sacha;193.49.172.183;
Jan 25 12:05:02 ;1674644702;3263659;sacha;193.49.172.174;
Jan 25 12:35:01 ;1674646501;3264949;sacha;193.49.172.174;
Jan 25 13:05:01 ;1674648301;3266246;sacha;193.49.172.174;
Jan 25 13:35:01 ;1674650101;3267590;sacha;193.49.172.174;
Jan 25 14:05:02 ;1674651902;3268963;sacha;193.49.172.174;
Jan 25 14:35:02 ;1674653702;3270427;sacha;193.49.172.174;
Jan 25 15:05:02 ;1674655502;3271850;sacha;193.49.172.174;
Jan 25 15:35:01 ;1674657301;3273270;sacha;193.49.172.174;
Jan 25 16:05:02 ;1674659102;3274863;sacha;193.49.172.174;
Jan 25 16:35:02 ;1674660902;3276257;sacha;193.49.172.174;
Jan 26 08:05:00 ;1674716700;3318396;sacha;193.49.172.174;
Jan 26 08:35:01 ;1674718501;3319765;sacha;193.49.172.174;
Jan 26 09:05:00 ;1674720300;3321306;sacha;193.49.172.174;
Jan 26 09:35:01 ;1674722101;3322713;sacha;193.49.172.174;
Jan 26 10:05:02 ;1674723902;3324023;sacha;193.49.172.174;
Jan 26 10:35:02 ;1674725702;3325342;sacha;193.49.172.174;
Jan 26 11:05:01 ;1674727501;3326732;sacha;193.49.172.174;
Jan 26 11:35:01 ;1674729301;3328278;sacha;193.49.172.174;
Jan 26 12:05:01 ;1674731101;3329669;sacha;193.49.172.174;
Jan 26 12:35:02 ;1674732902;3331164;sacha;193.49.172.174;
Jan 26 13:05:01 ;1674734701;3332492;sacha;193.49.172.174;
Jan 26 13:35:02 ;1674736502;3333881;sacha;193.49.172.174;
Jan 26 14:05:01 ;1674738301;3335210;sacha;193.49.172.174;
Jan 26 14:35:02 ;1674740102;3336490;sacha;193.49.172.174;
Jan 26 15:05:02 ;1674741902;3337770;sacha;193.49.172.174;
Jan 26 15:35:02 ;1674743702;3339205;sacha;193.49.172.174;
Jan 26 16:05:02 ;1674745502;3340659;sacha;193.49.172.183;
Jan 26 16:35:01 ;1674747301;3342215;sacha;193.49.172.183;
Jan 26 17:05:02 ;1674749102;3343690;sacha;193.49.172.183;
Jan 26 17:35:07 ;1674750907;3345085;sacha;193.49.172.183;
Jan 26 18:05:06 ;1674752706;3346437;sacha;193.49.172.183;
Jan 27 08:35:00 ;1674804900;3386122;sacha;192.168.0.62;
Jan 27 09:05:01 ;1674806701;3387639;sacha;192.168.0.62;
Jan 27 11:35:00 ;1674815700;3395445;sacha;192.168.0.62;
Jan 30 08:35:03 ;1675064103;3592107;sacha;193.49.172.174;
Jan 30 09:05:01 ;1675065901;3593365;sacha;193.49.172.174;
Jan 30 09:35:02 ;1675067702;3594751;sacha;193.49.172.174;
Jan 30 10:05:02 ;1675069502;3596568;sacha;193.49.172.174;
Jan 30 10:35:02 ;1675071302;3597865;sacha;193.49.172.174;
Jan 30 11:05:02 ;1675073102;3599268;sacha;193.49.172.174;
Jan 30 11:35:02 ;1675074902;3600637;sacha;193.49.172.174;
Jan 30 13:05:01 ;1675080301;3604766;sacha;193.49.172.174;
Jan 30 13:35:02 ;1675082102;3606058;sacha;193.49.172.174;
Jan 30 14:05:02 ;1675083902;3607478;sacha;193.49.172.174;
Jan 30 14:35:02 ;1675085702;3608789;sacha;193.49.172.174;
Jan 30 15:05:02 ;1675087502;3610104;sacha;193.49.172.174;
Jan 30 15:35:02 ;1675089302;3611493;sacha;193.49.172.174;
Jan 31 08:05:01 ;1675148701;3663664;sacha;193.49.172.174;
Jan 31 08:35:02 ;1675150502;3665166;sacha;193.49.172.174;
Jan 31 09:05:02 ;1675152302;3666627;sacha;193.49.172.174;
Jan 31 09:35:02 ;1675154102;3668060;sacha;193.49.172.174;
Jan 31 10:05:02 ;1675155902;3669375;sacha;193.49.172.174;
Jan 31 10:35:02 ;1675157702;3670712;sacha;193.49.172.174;
Jan 31 11:05:02 ;1675159502;3672114;sacha;193.49.172.174;
Jan 31 11:35:01 ;1675161301;3673585;sacha;193.49.172.174;
Jan 31 12:05:01 ;1675163101;3674930;sacha;193.49.172.174;
Jan 31 12:35:02 ;1675164902;3676274;sacha;193.49.172.174;
Jan 31 13:05:02 ;1675166702;3677653;sacha;193.49.172.174;
Jan 31 13:35:02 ;1675168502;3678993;sacha;193.49.172.174;
Jan 31 14:05:02 ;1675170302;3680293;sacha;193.49.172.183;
Jan 31 14:35:03 ;1675172103;3681601;sacha;193.49.172.183;
Jan 31 17:05:03 ;1675181103;3688675;sacha;80.214.147.238;
Jan 31 17:35:01 ;1675182901;3690053;sacha;192.168.0.1;
Feb  1 09:05:01 ;1675238701;3732560;sacha;193.49.172.183;
Feb  1 09:35:02 ;1675240502;3734584;sacha;193.49.172.183;
Feb  1 10:05:01 ;1675242301;3736081;sacha;193.49.172.183;
Feb  1 10:35:02 ;1675244102;3737642;sacha;193.49.172.183;
Feb  1 11:05:02 ;1675245902;3739022;sacha;193.49.172.183;
Feb  1 11:35:02 ;1675247702;3740373;sacha;193.49.172.183;
Feb  1 12:05:02 ;1675249502;3741689;sacha;193.49.172.183;
Feb  1 12:35:02 ;1675251302;3743018;sacha;193.49.172.183;
Feb  1 13:05:03 ;1675253103;3744430;sacha;193.49.172.183;
Feb  1 16:05:02 ;1675263902;3752678;sacha;193.49.172.174;
Feb  1 16:35:02 ;1675265702;3754037;sacha;193.49.172.174;
Feb  1 17:05:02 ;1675267502;3755418;sacha;193.49.172.174;
Feb  2 08:05:03 ;1675321503;3798275;sacha;193.49.172.174;
Feb  2 08:35:01 ;1675323301;3799590;sacha;193.49.172.174;
Feb  2 12:05:02 ;1675335902;3809311;sacha;193.49.172.174;
Feb  2 12:35:03 ;1675337703;3810617;sacha;193.49.172.174;
Feb  2 13:05:01 ;1675339501;3811879;sacha;193.49.172.174;
Feb  2 13:35:01 ;1675341301;3813165;sacha;193.49.172.174;
Feb  2 14:05:56 ;1675343156;3814518;sacha;193.49.172.183;
Feb  2 14:35:01 ;1675344901;3815801;sacha;193.49.172.183;
Feb  2 15:05:02 ;1675346702;3817233;sacha;193.49.172.183;
Feb  2 16:05:13 ;1675350313;3819882;sacha;193.49.172.183;
Feb  3 08:35:03 ;1675409703;3865201;sacha;192.168.0.62;
Feb  3 09:05:01 ;1675411501;3866461;sacha;192.168.0.62;
Feb  3 09:35:01 ;1675413301;3867744;sacha;192.168.0.62;
Feb  3 10:05:01 ;1675415101;3869050;sacha;192.168.0.62;
Feb  3 10:35:01 ;1675416901;3870291;sacha;192.168.0.62;
Feb  3 11:05:01 ;1675418701;3871614;sacha;192.168.0.62;
Feb  3 11:35:01 ;1675420501;3873008;sacha;192.168.0.62;
Feb  3 14:35:01 ;1675431301;3881588;sacha;192.168.0.62;
Feb  3 15:05:01 ;1675433101;3882926;sacha;192.168.0.62;
Feb  3 15:35:02 ;1675434902;3884257;sacha;192.168.0.62;
Feb  3 16:05:01 ;1675436701;3885574;sacha;192.168.0.62;
Feb  3 17:35:02 ;1675442102;3889774;sacha;192.168.0.62;
Feb  3 18:05:01 ;1675443901;3891059;sacha;192.168.0.62;
Feb 27 08:19:13 ;1677482353;1315522;sacha;193.49.172.174;
Feb 27 08:19:18 ;1677482358;1315529;sacha;193.49.172.174;
Feb 27 08:19:29 ;1677482369;1315539;sacha;193.49.172.174;
Feb 27 08:20:27 ;1677482427;1315616;sacha;193.49.172.174;
Feb 27 08:20:28 ;1677482428;1315621;sacha;193.49.172.174;
Feb 27 08:35:01 ;1677483301;1316301;sacha;193.49.172.174;
Feb 27 08:35:02 ;1677483302;1316317;sacha;193.49.172.174;
Feb 27 08:35:03 ;1677483303;1316321;sacha;193.49.172.174;
Feb 27 09:05:02 ;1677485102;1317793;sacha;193.49.172.174;
Feb 27 09:09:27 ;1677485367;1318049;sacha;193.49.172.174;
Feb 27 09:09:40 ;1677485380;1318060;sacha;193.49.172.174;
Feb 27 09:35:02 ;1677486902;1319365;sacha;193.49.172.174;
Feb 27 09:52:04 ;1677487924;1320294;sacha;193.49.172.174;
Feb 27 10:05:02 ;1677488702;1320960;sacha;193.49.172.174;
Feb 27 10:35:02 ;1677490502;1322471;sacha;193.49.172.174;
Feb 27 10:43:35 ;1677491015;1322934;sacha;193.49.172.174;
Feb 27 10:43:35 ;1677491015;1322935;sacha;193.49.172.174;
Feb 27 11:05:02 ;1677492302;1323971;sacha;193.49.172.174;
Feb 27 11:30:27 ;1677493827;1325055;sacha;193.49.172.174;
Feb 27 11:35:03 ;1677494103;1325244;sacha;193.49.172.174;
Feb 27 11:57:08 ;1677495428;1326196;sacha;193.49.172.174;
Feb 27 12:05:02 ;1677495902;1326567;sacha;193.49.172.174;
Feb 27 12:35:02 ;1677497702;1328054;sacha;193.49.172.174;
Feb 27 13:05:02 ;1677499502;1329494;sacha;193.49.172.174;
Feb 27 13:12:32 ;1677499952;1329877;sacha;193.49.172.174;
Feb 27 13:13:54 ;1677500034;1329949;sacha;193.49.172.174;
Feb 27 13:15:45 ;1677500145;1330068;sacha;193.49.172.174;
Feb 27 13:15:47 ;1677500147;1330073;sacha;193.49.172.174;
Feb 27 14:35:01 ;1677504901;1333495;sacha;193.49.172.183;
Feb 27 14:35:02 ;1677504902;1333514;sacha;193.49.172.183;
Feb 27 14:35:03 ;1677504903;1333519;sacha;193.49.172.183;
Feb 27 14:35:23 ;1677504923;1333538;sacha;193.49.172.183;
Feb 27 15:05:01 ;1677506701;1334959;sacha;193.49.172.183;
Feb 27 15:12:22 ;1677507142;1335348;sacha;193.49.172.183;
Feb 28 08:35:00 ;1677569700;1382469;sacha;193.49.172.174;
Feb 28 08:35:01 ;1677569701;1382474;sacha;193.49.172.174;
Feb 28 08:35:02 ;1677569702;1382493;sacha;193.49.172.174;
Feb 28 08:35:17 ;1677569717;1382508;sacha;193.49.172.174;
Feb 28 08:35:19 ;1677569719;1382514;sacha;193.49.172.174;
Feb 28 09:04:59 ;1677571499;1383757;sacha;193.49.172.174;
Feb 28 09:05:00 ;1677571500;1383762;sacha;193.49.172.174;
Feb 28 09:05:02 ;1677571502;1383767;sacha;193.49.172.174;
Feb 28 09:05:15 ;1677571515;1383800;sacha;193.49.172.174;
Feb 28 09:05:17 ;1677571517;1383806;sacha;193.49.172.174;
Feb 28 09:34:59 ;1677573299;1385078;sacha;193.49.172.174;
Feb 28 09:34:59 ;1677573299;1385084;sacha;193.49.172.174;
Feb 28 09:35:01 ;1677573301;1385092;sacha;193.49.172.174;
Feb 28 09:35:15 ;1677573315;1385129;sacha;193.49.172.174;
Feb 28 09:35:17 ;1677573317;1385136;sacha;193.49.172.174;
Feb 28 10:04:59 ;1677575099;1386493;sacha;193.49.172.183;
Feb 28 10:05:00 ;1677575100;1386497;sacha;193.49.172.183;
Feb 28 10:05:01 ;1677575101;1386502;sacha;193.49.172.183;
Feb 28 10:05:17 ;1677575117;1386532;sacha;193.49.172.183;
Feb 28 10:05:19 ;1677575119;1386538;sacha;193.49.172.183;
Feb 28 10:34:58 ;1677576898;1387865;sacha;193.49.172.183;
Feb 28 10:34:59 ;1677576899;1387869;sacha;193.49.172.183;
Feb 28 10:35:00 ;1677576900;1387874;sacha;193.49.172.183;
Feb 28 10:35:16 ;1677576916;1387904;sacha;193.49.172.183;
Feb 28 10:35:18 ;1677576918;1387910;sacha;193.49.172.183;
Feb 28 11:04:58 ;1677578698;1389202;sacha;193.49.172.183;
Feb 28 11:04:59 ;1677578699;1389206;sacha;193.49.172.183;
Feb 28 11:05:00 ;1677578700;1389211;sacha;193.49.172.183;
Feb 28 11:05:15 ;1677578715;1389248;sacha;193.49.172.183;
Feb 28 11:05:18 ;1677578718;1389254;sacha;193.49.172.183;
Feb 28 11:22:16 ;1677579736;1390063;sacha;193.49.172.183;
Feb 28 11:22:16 ;1677579736;1390062;sacha;193.49.172.183;
Feb 28 11:24:23 ;1677579863;1390150;sacha;193.49.172.183;
Feb 28 11:24:30 ;1677579870;1390158;sacha;193.49.172.183;
Feb 28 11:28:39 ;1677580119;1390447;sacha;193.49.172.183;
Feb 28 11:29:06 ;1677580146;1390467;sacha;193.49.172.183;
Feb 28 11:34:58 ;1677580498;1390716;sacha;193.49.172.183;
Feb 28 11:34:59 ;1677580499;1390720;sacha;193.49.172.183;
Feb 28 11:35:00 ;1677580500;1390726;sacha;193.49.172.183;
Feb 28 11:35:23 ;1677580523;1390761;sacha;193.49.172.183;
Feb 28 11:35:25 ;1677580525;1390768;sacha;193.49.172.183;
Feb 28 11:52:19 ;1677581539;1391562;sacha;193.49.172.183;
Feb 28 11:52:20 ;1677581540;1391567;sacha;193.49.172.183;
Feb 28 12:04:59 ;1677582299;1392112;sacha;193.49.172.183;
Feb 28 12:04:59 ;1677582299;1392116;sacha;193.49.172.183;
Feb 28 12:05:01 ;1677582301;1392121;sacha;193.49.172.183;
Feb 28 12:05:18 ;1677582318;1392151;sacha;193.49.172.183;
Feb 28 12:05:20 ;1677582320;1392158;sacha;193.49.172.183;
Feb 28 13:04:58 ;1677585898;1394692;sacha;193.49.172.174;
Feb 28 13:04:58 ;1677585898;1394697;sacha;193.49.172.174;
Feb 28 13:05:00 ;1677585900;1394701;sacha;193.49.172.174;
Feb 28 13:05:14 ;1677585914;1394736;sacha;193.49.172.174;
Feb 28 13:05:16 ;1677585916;1394742;sacha;193.49.172.174;
Feb 28 13:34:57 ;1677587697;1396149;sacha;193.49.172.174;
Feb 28 13:34:58 ;1677587698;1396153;sacha;193.49.172.174;
Feb 28 13:34:59 ;1677587699;1396158;sacha;193.49.172.174;
Feb 28 13:35:13 ;1677587713;1396190;sacha;193.49.172.174;
Feb 28 13:35:15 ;1677587715;1396196;sacha;193.49.172.174;
Feb 28 15:04:56 ;1677593096;1400255;sacha;193.49.172.174;
Feb 28 15:04:57 ;1677593097;1400259;sacha;193.49.172.174;
Feb 28 15:04:58 ;1677593098;1400263;sacha;193.49.172.174;
Feb 28 15:05:12 ;1677593112;1400294;sacha;193.49.172.174;
Feb 28 15:05:14 ;1677593114;1400300;sacha;193.49.172.174;
Feb 28 15:34:56 ;1677594896;1401561;sacha;193.49.172.174;
Feb 28 15:34:57 ;1677594897;1401565;sacha;193.49.172.174;
Feb 28 15:34:58 ;1677594898;1401569;sacha;193.49.172.174;
Feb 28 15:35:25 ;1677594925;1401609;sacha;193.49.172.174;
Feb 28 15:35:27 ;1677594927;1401615;sacha;193.49.172.174;
Feb 28 16:04:56 ;1677596696;1403345;sacha;193.49.172.174;
Feb 28 16:04:57 ;1677596697;1403349;sacha;193.49.172.174;
Feb 28 16:04:58 ;1677596698;1403354;sacha;193.49.172.174;
Feb 28 16:05:15 ;1677596715;1403393;sacha;193.49.172.174;
Feb 28 16:05:17 ;1677596717;1403399;sacha;193.49.172.174;
Feb 28 16:34:56 ;1677598496;1404822;sacha;193.49.172.174;
Feb 28 16:34:57 ;1677598497;1404826;sacha;193.49.172.174;
Feb 28 16:34:58 ;1677598498;1404831;sacha;193.49.172.174;
Feb 28 16:35:14 ;1677598514;1404862;sacha;193.49.172.174;
Feb 28 16:35:17 ;1677598517;1404868;sacha;193.49.172.174;
Mar  1 08:15:40 ;1677654940;1449953;sacha;192.168.0.7;
Mar  1 08:18:05 ;1677655085;858;sacha;192.168.0.7;
Mar  1 10:34:55 ;1677663295;7426;sacha;193.49.172.174;
Mar  1 10:34:56 ;1677663296;7431;sacha;193.49.172.174;
Mar  1 10:34:58 ;1677663298;7436;sacha;193.49.172.174;
Mar  1 10:35:16 ;1677663316;7469;sacha;193.49.172.174;
Mar  1 10:35:18 ;1677663318;7475;sacha;193.49.172.174;
Mar  1 11:04:56 ;1677665096;8699;sacha;193.49.172.174;
Mar  1 11:04:56 ;1677665096;8704;sacha;193.49.172.174;
Mar  1 11:04:58 ;1677665098;8708;sacha;193.49.172.174;
Mar  1 11:05:14 ;1677665114;8742;sacha;193.49.172.174;
Mar  1 11:05:16 ;1677665116;8748;sacha;193.49.172.174;
Mar  1 11:34:56 ;1677666896;9947;sacha;193.49.172.174;
Mar  1 11:34:56 ;1677666896;9952;sacha;193.49.172.174;
Mar  1 11:34:58 ;1677666898;9956;sacha;193.49.172.174;
Mar  1 11:35:13 ;1677666913;9988;sacha;193.49.172.174;
Mar  1 11:35:16 ;1677666916;9995;sacha;193.49.172.174;
Mar  1 12:04:56 ;1677668696;11248;sacha;193.49.172.174;
Mar  1 12:04:56 ;1677668696;11253;sacha;193.49.172.174;
Mar  1 12:04:57 ;1677668697;11257;sacha;193.49.172.174;
Mar  1 12:05:14 ;1677668714;11289;sacha;193.49.172.174;
Mar  1 12:05:16 ;1677668716;11295;sacha;193.49.172.174;
Mar  1 12:34:55 ;1677670495;12821;sacha;193.49.172.174;
Mar  1 12:34:56 ;1677670496;12825;sacha;193.49.172.174;
Mar  1 12:34:57 ;1677670497;12830;sacha;193.49.172.174;
Mar  1 12:35:14 ;1677670514;12861;sacha;193.49.172.174;
Mar  1 12:35:16 ;1677670516;12867;sacha;193.49.172.174;
Mar  1 13:04:56 ;1677672296;14276;sacha;193.49.172.174;
Mar  1 13:04:56 ;1677672296;14281;sacha;193.49.172.174;
Mar  1 13:04:57 ;1677672297;14286;sacha;193.49.172.174;
Mar  1 13:05:13 ;1677672313;14319;sacha;193.49.172.174;
Mar  1 13:05:15 ;1677672315;14325;sacha;193.49.172.174;
Mar  1 13:34:56 ;1677674096;15609;sacha;193.49.172.174;
Mar  1 13:34:57 ;1677674097;15614;sacha;193.49.172.174;
Mar  1 13:34:59 ;1677674099;15619;sacha;193.49.172.174;
Mar  1 13:35:15 ;1677674115;15649;sacha;193.49.172.174;
Mar  1 13:35:17 ;1677674117;15655;sacha;193.49.172.174;
Mar  1 14:04:56 ;1677675896;16903;sacha;193.49.172.174;
Mar  1 14:04:57 ;1677675897;16908;sacha;193.49.172.174;
Mar  1 14:04:59 ;1677675899;16913;sacha;193.49.172.174;
Mar  1 14:05:15 ;1677675915;16943;sacha;193.49.172.174;
Mar  1 14:05:17 ;1677675917;16949;sacha;193.49.172.174;
Mar  1 14:34:56 ;1677677696;18261;sacha;193.49.172.174;
Mar  1 14:34:56 ;1677677696;18266;sacha;193.49.172.174;
Mar  1 14:34:57 ;1677677697;18270;sacha;193.49.172.174;
Mar  1 14:35:14 ;1677677714;18305;sacha;193.49.172.174;
Mar  1 14:35:16 ;1677677716;18311;sacha;193.49.172.174;
Mar  1 15:04:55 ;1677679495;19722;sacha;193.49.172.174;
Mar  1 15:04:56 ;1677679496;19727;sacha;193.49.172.174;
Mar  1 15:04:57 ;1677679497;19732;sacha;193.49.172.174;
Mar  1 15:05:13 ;1677679513;19767;sacha;193.49.172.174;
Mar  1 15:05:15 ;1677679515;19773;sacha;193.49.172.174;
Mar  1 15:34:56 ;1677681296;21238;sacha;193.49.172.174;
Mar  1 15:34:57 ;1677681297;21243;sacha;193.49.172.174;
Mar  1 15:34:58 ;1677681298;21247;sacha;193.49.172.174;
Mar  1 15:35:14 ;1677681314;21283;sacha;193.49.172.174;
Mar  1 15:35:16 ;1677681316;21289;sacha;193.49.172.174;
Mar  2 09:34:56 ;1677746096;71450;sacha;80.214.208.163;
Mar  2 09:34:57 ;1677746097;71455;sacha;80.214.208.163;
Mar  2 09:34:59 ;1677746099;71461;sacha;80.214.208.163;
Mar  2 09:35:20 ;1677746120;71494;sacha;80.214.208.163;
Mar  2 09:35:23 ;1677746123;71500;sacha;80.214.208.163;
Mar  2 10:05:02 ;1677747902;72765;sacha;80.214.208.163;
Mar  2 10:05:04 ;1677747904;72769;sacha;80.214.208.163;
Mar  2 10:05:05 ;1677747905;72774;sacha;80.214.208.163;
Mar  2 10:05:27 ;1677747927;72794;sacha;80.214.208.163;
Mar  2 10:05:29 ;1677747929;72801;sacha;80.214.208.163;
Mar  2 10:35:03 ;1677749703;74023;sacha;80.214.208.163;
Mar  2 10:35:05 ;1677749705;74028;sacha;80.214.208.163;
Mar  2 10:35:07 ;1677749707;74033;sacha;80.214.208.163;
Mar  2 10:35:36 ;1677749736;74054;sacha;80.214.208.163;
Mar  2 10:35:39 ;1677749739;74062;sacha;80.214.208.163;
Mar  2 12:05:02 ;1677755102;77869;sacha;193.49.172.174;
Mar  2 12:05:03 ;1677755103;77873;sacha;193.49.172.174;
Mar  2 12:05:05 ;1677755105;77878;sacha;193.49.172.174;
Mar  2 12:05:22 ;1677755122;77894;sacha;193.49.172.174;
Mar  2 12:05:25 ;1677755125;77900;sacha;193.49.172.174;
Mar  2 12:35:01 ;1677756901;79111;sacha;193.49.172.174;
Mar  2 12:35:02 ;1677756902;79115;sacha;193.49.172.174;
Mar  2 12:35:03 ;1677756903;79135;sacha;193.49.172.174;
Mar  2 12:35:19 ;1677756919;79151;sacha;193.49.172.174;
Mar  2 12:35:21 ;1677756921;79158;sacha;193.49.172.174;
Mar  2 13:05:01 ;1677758701;80370;sacha;193.49.172.174;
Mar  2 13:05:02 ;1677758702;80391;sacha;193.49.172.174;
Mar  2 13:05:03 ;1677758703;80396;sacha;193.49.172.174;
Mar  2 13:05:20 ;1677758720;80412;sacha;193.49.172.174;
Mar  2 13:05:22 ;1677758722;80418;sacha;193.49.172.174;
Mar  2 13:35:02 ;1677760502;81648;sacha;193.49.172.174;
Mar  2 13:35:02 ;1677760502;81653;sacha;193.49.172.174;
Mar  2 13:35:03 ;1677760503;81657;sacha;193.49.172.174;
Mar  2 13:35:20 ;1677760520;81673;sacha;193.49.172.174;
Mar  2 13:35:23 ;1677760523;81679;sacha;193.49.172.174;
Mar  2 14:05:03 ;1677762303;82906;sacha;193.49.172.174;
Mar  2 14:05:04 ;1677762304;82910;sacha;193.49.172.174;
Mar  2 14:05:05 ;1677762305;82915;sacha;193.49.172.174;
Mar  2 14:05:21 ;1677762321;82930;sacha;193.49.172.174;
Mar  2 14:05:23 ;1677762323;82936;sacha;193.49.172.174;
Mar  2 14:35:01 ;1677764101;84160;sacha;193.49.172.174;
Mar  2 14:35:02 ;1677764102;84179;sacha;193.49.172.174;
Mar  2 14:35:03 ;1677764103;84184;sacha;193.49.172.174;
Mar  2 14:35:21 ;1677764121;84202;sacha;193.49.172.174;
Mar  2 14:35:23 ;1677764123;84208;sacha;193.49.172.174;
Mar  2 15:05:02 ;1677765902;85537;sacha;193.49.172.174;
Mar  2 15:05:02 ;1677765902;85542;sacha;193.49.172.174;
Mar  2 15:05:03 ;1677765903;85546;sacha;193.49.172.174;
Mar  2 15:05:22 ;1677765922;85563;sacha;193.49.172.174;
Mar  2 15:05:23 ;1677765923;85569;sacha;193.49.172.174;
Mar  2 15:35:02 ;1677767702;86808;sacha;193.49.172.174;
Mar  2 15:35:02 ;1677767702;86813;sacha;193.49.172.174;
Mar  2 15:35:04 ;1677767704;86817;sacha;193.49.172.174;
Mar  2 15:35:22 ;1677767722;86833;sacha;193.49.172.174;
Mar  2 15:35:24 ;1677767724;86839;sacha;193.49.172.174;
Mar  2 16:05:01 ;1677769501;88067;sacha;193.49.172.174;
Mar  2 16:05:02 ;1677769502;88078;sacha;193.49.172.174;
Mar  2 16:05:03 ;1677769503;88083;sacha;193.49.172.174;
Mar  2 16:05:21 ;1677769521;88101;sacha;193.49.172.174;
Mar  2 16:05:23 ;1677769523;88107;sacha;193.49.172.174;
Mar  2 16:35:02 ;1677771302;89409;sacha;193.49.172.174;
Mar  2 16:35:02 ;1677771302;89414;sacha;193.49.172.174;
Mar  2 16:35:03 ;1677771303;89418;sacha;193.49.172.174;
Mar  2 16:35:22 ;1677771322;89434;sacha;193.49.172.174;
Mar  2 16:35:24 ;1677771324;89440;sacha;193.49.172.174;
Mar  3 07:05:00 ;1677823500;128381;sacha;192.168.0.62;
Mar  3 07:05:00 ;1677823500;128385;sacha;192.168.0.62;
Mar  3 07:05:01 ;1677823501;128391;sacha;192.168.0.62;
Mar  3 07:05:16 ;1677823516;128421;sacha;192.168.0.62;
Mar  3 07:05:18 ;1677823518;128426;sacha;192.168.0.62;
Mar  3 11:05:01 ;1677837901;139572;sacha;192.168.0.62;
Mar  3 11:05:01 ;1677837901;139576;sacha;192.168.0.62;
Mar  3 11:05:02 ;1677837902;139597;sacha;192.168.0.62;
Mar  3 11:05:15 ;1677837915;139612;sacha;192.168.0.62;
Mar  3 11:05:17 ;1677837917;139618;sacha;192.168.0.62;
Mar  3 11:35:02 ;1677839702;140938;sacha;192.168.0.62;
Mar  3 11:35:02 ;1677839702;140943;sacha;192.168.0.62;
Mar  3 11:35:02 ;1677839702;140947;sacha;192.168.0.62;
Mar  3 11:35:15 ;1677839715;140959;sacha;192.168.0.62;
Mar  3 11:35:16 ;1677839716;140965;sacha;192.168.0.62;
Mar  3 12:05:01 ;1677841501;142551;sacha;192.168.0.62;
Mar  3 12:05:01 ;1677841501;142555;sacha;192.168.0.62;
Mar  3 12:05:02 ;1677841502;142575;sacha;192.168.0.62;
Mar  3 12:05:15 ;1677841515;142588;sacha;192.168.0.62;
Mar  3 12:05:16 ;1677841516;142594;sacha;192.168.0.62;
Mar  3 12:35:02 ;1677843302;144156;sacha;192.168.0.62;
Mar  3 12:35:02 ;1677843302;144161;sacha;192.168.0.62;
Mar  3 12:35:02 ;1677843302;144165;sacha;192.168.0.62;
Mar  3 12:35:15 ;1677843315;144182;sacha;192.168.0.62;
Mar  3 12:35:16 ;1677843316;144188;sacha;192.168.0.62;
Mar  3 13:05:02 ;1677845102;145489;sacha;192.168.0.62;
Mar  3 13:05:02 ;1677845102;145494;sacha;192.168.0.62;
Mar  3 13:05:02 ;1677845102;145499;sacha;192.168.0.62;
Mar  3 13:05:15 ;1677845115;145512;sacha;192.168.0.62;
Mar  3 13:05:16 ;1677845116;145518;sacha;192.168.0.62;
Mar  3 13:35:01 ;1677846901;146956;sacha;192.168.0.62;
Mar  3 13:35:01 ;1677846901;146975;sacha;192.168.0.62;
Mar  3 13:35:01 ;1677846901;146979;sacha;192.168.0.62;
Mar  3 13:35:13 ;1677846913;146996;sacha;192.168.0.62;
Mar  3 13:35:14 ;1677846914;147002;sacha;192.168.0.62;
Mar  3 14:05:01 ;1677848701;148410;sacha;192.168.0.62;
Mar  3 14:05:01 ;1677848701;148414;sacha;192.168.0.62;
Mar  3 14:05:02 ;1677848702;148419;sacha;192.168.0.62;
Mar  3 14:05:14 ;1677848714;148437;sacha;192.168.0.62;
Mar  3 14:05:16 ;1677848716;148443;sacha;192.168.0.62;
Mar  3 14:35:01 ;1677850501;149838;sacha;192.168.0.62;
Mar  3 14:35:02 ;1677850502;149842;sacha;192.168.0.62;
Mar  3 14:35:02 ;1677850502;149847;sacha;192.168.0.62;
Mar  3 14:35:15 ;1677850515;149861;sacha;192.168.0.62;
Mar  3 14:35:16 ;1677850516;149867;sacha;192.168.0.62;
Mar  3 15:50:34 ;1677855034;153183;sacha;192.168.0.1;
Mar  3 16:05:00 ;1677855900;153914;sacha;192.168.0.62;
Mar  3 16:05:01 ;1677855901;153918;sacha;192.168.0.62;
Mar  3 16:05:01 ;1677855901;153922;sacha;192.168.0.62;
Mar  3 16:05:15 ;1677855915;153953;sacha;192.168.0.62;
Mar  3 16:05:16 ;1677855916;153959;sacha;192.168.0.62;
